filename,year,place,performer,collector,archive reference,original metadata
kmeln_Winter_100_Na dobryi vecher_moll_GABCDF_КЩ_one_VI.xml,1986,,,,,"Зап. влітку 1986 р. Дмитренко М. К. у с. Яхнівці Волочиського р-ну Хмельницької обл. від Дрозд 
Одарки Михайлівни, 1913 р. н. Нотація Єфремової Л. О. Щедрують під середнім вікном, бо під
крайнє покойники ходять. (Прим. вик.)"
kmeln_Winter_101_Oi dobryi vechir_moll_CDEFGABC_КЩ_one_VI.xml,1989,,,,,"Зап. 19 грудня 1989 р. Нагорний Л. С. у с. Баламутівка Ярмолинецького р-ну Хмельницької обл. 
від Домбик Марії Іванівни. "
kmeln_Winter_102_Pane hospodariu_moll_DFGABCD_КЩ_one_VI.xml,2003,,,,,"Зап. 2003 р. Панчук О. В. у с. Волиця Керекешина Старокостянтинівського р-ну Хмельницької обл. 
від Головко Надії Миколаївни, 1929 р. н. та Мотузяк Валентини Іванівни, 1959 р. н. – Касета № 3, 
ст. А, № 7. Нотація та ред. тексту Єфремової Л. О., № 41."
kmeln_Winter_103_Kolhospe hospodar_moll_BDEFGABC_КЩ_two_XIV.xml,1971,,,,,"Зап. 1971 р. Струтинський О. Д. від Осінської Броніслави Мартинівни з c. Сенігів Шепетівського 
р-ну Хмельницької обл. – ІМФЕ, ф. 14-3, од. зб. 860, арк. 115-116, № 4. Цю пісню співають голові, 
секретарю, бригадирам, агрономам, ланковим та іншим колгоспникам села. (Прим. зап.)"
"kmeln_Winter_104_Na dobryden, liudy_moll_СDEFGAB_КЩ_two_XII_reprise.xml",1971,,,,,Зап. 1971 р. Нагорний Л. С. від Яківчука Анатолія Гнатовича у с. Черче Чемеровецького р-ну.
kmeln_Winter_105_Chistaia Dieva_dur_EABCD_ХК_one_IV_reprise.xml,2004,,,,,"Зап. у липні 2004 р. Панчук О. В. у с. Онишківці Шепетівського р-ну Хмельницької обл. від Скри-
нник Євдокії Сидорівни, 1927 р. н. – Касета № 5, ст. А, № 26. Нотація та ред. тексту. Єфремової 
Л. О., № 110."
kmeln_Winter_106_O yak Matir Bozha_dur_ABCDE_ХК_one_IV_reprise.xml,2013,,,,,"Зап. 25 червня 2013 р. Маховська С. Л. у с. Мушкутинці Дунаєвецького р-ну Хмельницької обл. 
від Ярмолюк Ганни Ананьєвни, 1929 р.н. (народ. у с. Антонівка Дунаєвецького р-ну, у с. Мушку-
тинці з 1969 р.) Нотація та ред. тексту Єфремової Л. О., № 5."
kmeln_Winter_107_Nad vertepom zirnytsia_dur_CEFGABC_ХК_one_VIII+VI.xml,1926,,,,,"Зап. 1926 р. Гайдай М. П. у с. Адамівка біля Зінькова (нині Віньковецького р-ну Хмельницької 
обл.) від Івана Васькіна. – ІМФЕ, ф. 6-3, од. зб. 69, арк. 62 (31 зв.), № 86."
kmeln_Winter_109_Po vsomu sviti_dur_ABCDEFGA_ХК_one_XV_reprise.xml,1971,,,,,"Зап. 19.V.1971 р. експ. ІМФЕ у складі: Шумада Н. С., Іванов В. Ф., Довженок Г. В.. Спінатьєв В. Т.
у м. Кам’янець-Подільський Хмельницької обл. від Стрілецької Параски Михайлівни, 1902 р. н. – 
ІМФЕ, ф. 14-5, од. зб. 419, арк. 141-143, пл. ф. 14-10, од. зб. 1181 (10). Нотація Іванова В. Ф,"
kmeln_Winter_110_Po vsomu sviti_dur_GABCDEFGA_ХК_two_XVI_reprise+.xml,1989,,,,,Зап. 19 грудня 1989 р. Нагорний Л. С. у с. Баламутівка Ярмолинецького р-ну від Домбик Марії.
"kmeln_Winter_111_Oi u poli, v_poli dur_EFGABCD_ХК_one_VIII+VIII_reprise.xml",2003,,,,,"Зап. 2003 р. Панчук О. В. у с. Гриців Шепетівського р-ну Хмельницької обл. від Кліпацької Ганни 
Оксентівни, 1933 р. н. – Касета № 3, ст. А, № 1. Розшифр. Єфремова Л. О. № 35."
"kmeln_Winter_112_Oi u poli, v poli_dur_DGABCD_ХК_one_VIII.xml",2004,,,,,"Зап. 2003-2004 р. Панчук О. В. у с. Корпилівка Шепетівського р-ну Хмельницької обл. від Ільченко 
Ганни Гнатівни, 1926 р. н. – Касета № 4, ст. B, № 5. Нотація та ред. тексту Єфремової Л. О., № 57."
kmeln_Winter_113_Ya umom khodyla_dur_CFGAB_ХК_one_VIII.xml,2003,,,,,"Зап. 10 липня 2003 р. Панчук О. В. у с. Гриців Шепетівського р-ну Хмельницької обл. від Козир 
Катерини, 1918 р. н. – Касета № 1, ст. В, № 1. Розшифр. Єфремова Л. О. № 18. Приходят до хазяї-
на, питают, [чи] мона колядувати. З дзвінком ходили. Як хазяїн хоче, до кличе до хати. Ідуть до 
хати. Виносят там їм хліб хороший та благодарат. Та йде. (Прим. вик.)"
kmeln_Winter_114_Narodyvsia Isus Khrystos_dur_ABCDEFGA_ХК_one_VIII_reprise.xml,1989,,,,,"Зап. 19 грудня 1989 р. Нагорний Л. С. у с. Баламутівка Ярмолинецького р-ну Хмельницької обл. 
від Мукарської Ганни Данилівни."
"kmeln_Winter_115_Hen, vysoko v temnim nebi_dur_DFGABCDEF_ХК_three_IX_reprise.xml",1963,,,,,"Зап. 27.06-10.07.1963 р. експ. ІМФЕ, нач. Ященко Л. І. у с. Блищанівка Дунаєвецького р-ну від 
жіночого гурту. – ІМФЕ, ф. 14-5, од. зб. 380, арк. 17-18, № 8; пл. ф. 14-10, од. зб. 985-987."
kmeln_Winter_116_Nova radist stala_moll_DFGABCDEF_ХК_three_IX_reprise.xml,1971,,,,,"Зап. 20.V.1971 р. експ. ІМФЕ у складі: Шумада Н. С., Іванов В. Ф., Довженок Г. В., Спінатьєв В. Ф. 
у м. Кам’янець-Подільський від Стрілецької Параски Михайлівни, 1902 р. н., Руденко М. – ІМФЕ, 
ф. 14-5, од. зб. 419, арк. 227-229, пл. ф. 14-10, од. зб. 1182 (23). Нотація Іванова В. Ф. "
kmeln_Winter_117_Nova radist stala_moll_FGABCDE_ХК_two_VIII_reprise.xml,2004,,,,,"Зап. у серпні 2004 р. Панчук О. В. у с. Велика Шкарівка Шепетівського р-ну Хмельницької обл. 
від Волошенівської Ніни Семенівни, 1939 р. н. та Мельничук Марії Сергіївни, 1947 р. н. – Касета 
№ 5, ст. В, № 2. Розшифр. Єфремової Л. О., № 116."
kmeln_Winter_118_Novaia Radist_dur_DFGABCD_ХК_one_XV.xml,1971,,,,,"Зап. 23.V.1971 р. експ. ІМФЕ у складі: Шумада Н. С., Іванов В. Ф., Довженок Г. В. у м. Кам’янець-
Подільський Хмельницької обл. від Мисловської К. – ІМФЕ, ф. 14-5, од. зб. 419, арк. 264-266, пл. 
ф. 14-10, од. зб. 1183 (10). Нотація Іванова В. Ф. "
kmeln_Winter_120_Nebo i zemlia_dur_FGABC_ХК_one_XVI.xml,2003,,,,,"Зап. 2003 р. Панчук О. В. у с. Гриців Шепетівського р-ну Хмельницької обл. від Кліпацької Ганни 
Оксентівни, 1933 р. н. – Касета № 3, ст. А, № 3. Розшифр. Єфремова Л. О. № 37."
"kmeln_Winter_121_Oi na riki, na Ordantsi_moll_FGABCDEF_ХК_one_VIII_reprise+.xml",2006,,,,,"Зап. 17 грудня 2006 р. Сигидин М. А. у с. Липи Кам’янець-Подільського р-ну Хмельницької обл. 
від Бучацької Ольги Іванівни, 1931 р. н. Розшифр. Єфремова Л. О., № 9."
kmeln_Winter_122_Khrystos Spasytel_dur_FGABC_ХК_one_X.xml,2003,,,,,"Зап. 2003 р. Панчук О. В. у с. Гриців Шепетівського р-ну Хмельницької обл. від Кліпацької Ганни 
Оксентівни, 1933 р. н. – Касета № 3, ст. А, № 2. Розшифр. Єфремова Л. О. № 36."
kmeln_Winter_123_U horodi Vykhriiemi_dur_BCDEF_ХК_one_VI.xml,1989,,,,,"Зап. 17 грудня 1989 р. Нагорний Л. С. від Гринчук Ніни Дмитрівни, жительки с. Іванівка Ярмоли-
нецького р-нуХмельницької обл. "
kmeln_Winter_124_Pane hospodaru_moll_CDEFGABC_ХК_one_III+III.xml,1929,,,,,"Зап. [1929 р.] Харків В. Й. у с. Демшин Китайгородського р-ну Кам’янецької окр. (нині Кам’янець-
Подільського р-ну Хмельницької обл.) від Шевчука Степана, 33 р. – ІМФЕ, ф. 6-3, од. зб. 81, арк. 
229 (269-270) – текст, арк. 228 (268)  – мел., № 94. Чeрнетка."
kmeln_Winter_125_Pishla Bozha maty_dur_DGAB_ХЩ_one_IV.xml,1918,,,,,"Зап. 1918 р. Постоловський А. у с. Чорнокозинці Кам’янець-Подільського р-ну Хмельницької обл. 
– ІМФЕ, ф. 6-4, од. зб. 119, арк. 169."
kmeln_Winter_127_Oi tam na hori_dur_DGABC_ХК_one_V.xml,2003,,,,,"Зап. 2003 р. Панчук О. В. у с. Оріхівка Старокостянтинівського р-ну Хмельницької обл. від Ост-
ровської Ольги Соловеївни, 1929 р. н. – Касета № 3, ст. B, № 3. Розшифр. Єфремова Л. О., № 51."
kmeln_Winter_129_Khrystos narodzil_dur_CDEFG_СЩ_one_XII.xml,1971,,,,,"Зап. 23.V.1971 р. експ. ІМФЕ у складі: Шумада Н. С., Іванов В. Ф., Довженок Г. В. у м. Кам’янець-
Подільський Хмельницької обл. від Мисловської К. – ІМФЕ, ф. 14-5, од. зб. 419, арк. 267-269, пл. 
ф. 14-10, од. зб. 1183 (11). Нотація Іванова В. Ф. "
"kmeln_Winter_130_Nauchi mene, Hospodi, slavit Tiebia (Psalom)_moll_GABC_СЩ_one_XXI_reprise+.xml",2013,,,,,"Зап. 25 червня 2013 р. Маховська С. Л. у с. Мушкутинці Дунаєвецького р-ну Хмельницької обл. 
від Ярмолюк Ганни Ананьєвни, 1929 р.н. (народ. у с. Антонівка Дунаєвецького р-ну, у с. Мушку-
тинці з 1969 р.) Нотація та ред. тексту Єфремової Л. О., № 6."
kmeln_Winter_131_Izhe kheruvymy tainoorazuiushche (Tserk.)_moll_ABCDEF_СЩ_one_XII+VIII.xml,1926,,,,,"Зап. 1926 р. Гайдай М. П. у с. Адамівка біля Зінькова (нині Віньковецького р-ну Хмельницької 
обл.) від діда Андрія Смалюховського. – ІМФЕ, ф. 6-3, од. зб. 69, арк. 74 (37 зв.), № 100. Старий 
дячківський спів. (Прим. зап.)"
kmeln_Winter_132_Ta y shandryi vechir_moll_DEFGABCDE_ТМ_one_VI.xml,1978,,,,,"Зап. 22 липня 1978 р. Дем’ян Г. В. у с. Лоївці Новоушицького р-ну Хмельницької обл. від Гар-
нець Надії Миколаївни, 1912 р. н. – ІМФЕ, ф. 14-3, од. зб. 973, арк. 136-137 (текст), арк. 248 (мел.), 
№ 94. Нотація Мишанича М. В. Й отак о ходила Маланка. Та йдут. Хлопець єден вперед. То стра-
жнік. Питає: – У вас є дівка? Ви пустите Маланку? – Пустю. То йдут тогди хлопці шандрувати. 
Приходят хлопці, шандруют. Перешандрували. Ті хлопці пішли, а Маланка вже заходи. Там усі-
лячина: і цигани є, і жиди, і що хочеш. Перебрані. Вті ворожат, іа ті крадут, що видя. Цигани! 
Ви не знаєте? В мішки всьо берут, гарбают. То така була забава.  В Басарабії й зараз ще є. А Ма-
ланка це – перебирається хлопець на дівку. Прийшов, миски на миснику складає, подушки на по-
стели перекладає. Така була забава. (Прим. вик.)"
kmeln_Winter_133v1_Nasha Malanka_moll_DEFGABCD_ТМ_one_IX_reprise+.xml,1927,,,,,"Зап. 1927 р. Харків В. у с. Жванець Кам’янецької окр. (нині Кам’янець-Подільського р-ну Хмель-
ницької обл.) від дівчини Горчинської. – ІМФЕ, ф. 6-3, од. зб. 77, текст. – арк. 97-98 (79), мел. – 
арк. 99 (80), № 3; вар. зап. Харків В. у с. Ісаківці Жванецького р-ну Кам’янецької окр. (нині Кам’я-
нець-Подільського р-ну Хмельницької обл.). – ІМФЕ, ф.6-3, од.зб. 77, арк. 109 (89). Чeрнетка. "
kmeln_Winter_133_Nasha Malanka_moll_DEFGABCD_ТМ_one_VIII.xml,1927,,,,,"Зап. 1927 р. Харків В. у с. Жванець Кам’янецької окр. (нині Кам’янець-Подільського р-ну Хмель-
ницької обл.) від дівчини Горчинської. – ІМФЕ, ф. 6-3, од. зб. 77, текст. – арк. 97-98 (79), мел. – 
арк. 99 (80), № 3; вар. зап. Харків В. у с. Ісаківці Жванецького р-ну Кам’янецької окр. (нині Кам’я-
нець-Подільського р-ну Хмельницької обл.). – ІМФЕ, ф.6-3, од.зб. 77, арк. 109 (89). Чeрнетка. "
kmeln_Winter_134_Shandryi vechir_moll_FGABCDEF_ТМ_two_VI.xml,1978,,,,,"Зап. 23 липня 1978 р. Дем’ян Г. В. у с. Лоївці Новоушицького р-ну Хмельницької обл. від Скрип-
ник Анастасії Михайлівни, 1918 р. н. і Скрипник Мотрі Танасіївни, 1910 р. н. – ІМФЕ, ф. 14-3, од. 
зб. 973, арк. 159 (текст), арк. 253 (мел.), № 111. Нотація Мишанича М. В."
kmeln_Winter_135_Malaia nichka_moll_DGABCD_КЩ_two_VI.xml,2006,,,,,"Зап. 17 грудня 2006 р. Сигидин М. А. у с. Липи Кам’янець-Подільського р-ну Хмельницької обл. 
від Бучацької Ольги Іванівни, 1931 р. н. Прізвища другої виконавиці у фонозапису не було зазна-
чено. Розшифр. Єфремова Л. О., № 10."
kmeln_Winter_136_Nasha Malania_moll_DGABCD_ТМ_one_VI.xml,2003,,,,,"Зап. 2003 р. Панчук О. В. у с. Волиця Керекешина Старокостянтинівського р-ну Хмельницької 
обл. від Головко Надії Миколаївни, 1929 р. н. та Мотузяк Валентини Іванівни, 1959 р. н. – Касета 
№ 3, ст. А, № 6. Нотація та ред. тексту Єфремової Л. О., № 40."
kmeln_Winter_137_Nasha Haliunia_moll_BEFGAB_ТМ_one_XII.xml,2003,,,,,"Зап. 2003 р. Панчук О. В. у с. Волиця Керекешина Старокостянтинівського р-ну Хмельницької 
обл. від Головко Надії Миколаївни, 1929 р. н., Коломієць Євдокії Степанівни, 1922 р. н. та Сидар-
чук Людмили Михайлівни, 1934 р. н. – Касета № 3, ст. А, № 12. Розшифр. Єфремова Л. О., № 46."
kmeln_Winter_138_Uchera_dur_EABCDEF_ТМ_one_VI+VI.xml,2004,,,,,"Зап. у липні 2004 р. Панчук О. В. у с. Онишківці Шепетівського р-ну від Скринник Євдокії Сидо-
рівни, 1927 р. н. – Касета № 5, ст. А, № 28 (35). Нотація та ред. тексту. Єфремової Л. О., № 111."
kmeln_Winter_139_Oi shchedryi vechir_moll_DGABCD_ТМ_one_VI.xml,2004,,,,,"Зап. у серпні 2004 р. Панчук О. В. у с. Грибенинка Старокостянтинівського р-ну Хмельницької 
обл. від Мотузюк Тетяни Никанорівни, 1920 р. н. – Касета № 5, ст. А, № 22 (29). Нотація та ред. 
тексту Єфремової Л. О., № 106. Маланку водили на свято Малані, на щедрпий вечір. (Прим. вик.)"
kmeln_Winter_140_Nasha Malania_moll_CDEFGAB_ТМ_one_VI.xml,1978,,,,,"Зап. у липні 1978 р. Зеленчук В. І. у с. Студениця Кам’янець-Подільського р-ну Хмельницької обл. 
від Мельник Ольги Тимофіївни, 1904 р. н. – ІМФЕ, ф. 14-3, од. зб. 973, арк. 185-186 (текст), арк. 
259 (мел.), № 132. Нотація Мишанича М. В."
kmeln_Winter_142_Malaia nichka_moll_BDEFGA_ТМ_one_VI.xml,1978,,,,,"Зап. у липні 1978 р. Зеленчук В. І. у с. Сокіл Кам’янець-Подільського р-ну Хмельницької обл. від 
Соломка Дмитра Михайловича, 1913 р. н. – ІМФЕ, ф. 14-3, од. зб. 973, арк. 204-205 (текст), арк. 
262 (мел.), № 144. Нотація Мишанича М. В. "
kmeln_Winter_143_Pustit do khaty_dur_DGABCD_ТК_one_VI.xml,1927,,,,,"Зап. 1927 р. Харків В. у с. Гаврилівці Кам’янець-Подільського р-ну Хмельницької обл. – ІМФЕ, 
ф. 6-3, од. зб. 77, текст – арк. 57 (47), мел. – арк. 58 (48), № 41."
kmeln_Winter_144_Pustit do khaty_dur_DGABCD_ТК_one_III+II.xml,1927,,,,,"Зап. 1927 р. Харків В. у с. Гаврилівці Кам’янець-Подільського р-ну Хмельницької обл. – ІМФЕ, 
ф. 6-3, од. зб. 77, арк. 62 (52)."
kmeln_Winter_145_Pustit kozuniu_moll_BEFGABC_ТК_one_VII_reprise+.xml,1927,,,,,"Зап. 1927 р. Харків В. у с. Княгинин Кам’янець-Подільського р-ну Хмельницької обл. – ІМФЕ, ф. 
6-3, од. зб. 77, арк. 126, № 76."
"kmeln_Winter_146_Oi pliashu, pliashu_moll_EFGABCE_ТК_one_IV_reprise.xml",1927,,,,,"Зап. 1927 р. Харків В. у с. Вітківці Кам’янець-Подільського р-ну Хмельницької обл. – ІМФЕ, ф. 
6-3, од. зб. 77, текст – арк. 26 (18), мел. – арк. 28 (19), № 56."
kmeln_Winter_147_Dykaia koza_dur_DGABCD_ТК_one_IV.xml,1928,,,,,"Зап. 1928 р. Харків В. Й. у с. Гаврилівці Кам’янець-Подільського р-ну Хмельницької обл. від Ми-
ляновича Стефана, Корчинського Василя, Левицького Миколи. – ІМФЕ, ф. 6-3, од. зб. 77, текст – 
арк. 63-66 (53-56), мел. – арк. 67 (57), № 44. Гейкають так само в Сокола. (Прим. зап.)"
"kmeln_Winter_148_Hei, hei, pane hospodaru_durmoll_GABC_КЩ_one_V.xml",1827,,,,,"Зап. 1827 р. Харків В. у с. Ісаківці Кам’янець-Подільського р-ну Хмельницької обл. – ІМФЕ, ф. 
6-3, од. зб. 77, арк. 90 (текст), арк. 91 (мел.), № 23.  Ряжені."
"kmeln_Winter_150_Ya na tebe, Kolodiiu_moll_DGABCD_Колодійна_one_VIII.xml",1926,,,,,"Зап. 1926 р. Гайдай М. П. у с. Адамівка біля Зінькова (нині Віньковецького р-ну Хмельницької 
обл.) від Андрія Смалюховського, 79 р. – ІМФЕ, ф. 6-3, од. зб. 69, арк. 18-19 (9 зв.-10), № 24."
"kmeln_Winter_151_Ya na tebe, Kolodiiu_dur_DGABC_Колодійна_one_VIII.xml",1926,,,,,"Зап. 1926 р. Гайдай М. П. у с. Адамівка біля Зінькова (нині Віньковецького р-ну Хмельницької 
обл.) від Олексія Васильовича Смалюховського, 38 р. – ІМФЕ, ф. 6-3, од. зб. 69, арк. 19 (10), № 25."
kmeln_Winter_152_I ruchenka triasesia_moll_GABCD_Колодійна_one_IV.xml,1926,,,,,"Зап. 1926 р. Гайдай М. П. у с. Адамівка біля Зінькова (нині Віньковецького р-ну Хмельницької 
обл.) від Андрія Смалюховського, 79 р. – ІМФЕ, ф. 6-3, од. зб. 69, арк. 19-20 (10), № 26."
"kmeln_Winter_153_Oi vypyi, vypyi_moll_FGABCD_Колодійна_one_VIII.xml",1926,,,,,"Зап. 1926 р. Гайдай М. П. у с. Гримнячка 5 вер. від Зінькова (нині с. Грим’ячка Віньковецького 
р-ну Хмельницької обл.) від Меланії Миколаївської, 40 р. – ІМФЕ, ф. 6-3, од. зб. 69, арк. 18 (9 зв.), 
№ 23."
kmeln_Winter_37_Shchedryi vechir_du-mollr_BEFGA_ЩК_two_II.xml,1978,,,,,"Зап. у липні 1978 р. Зеленчук В. І. у с. Студениця Кам’янець-Подільського р-ну Хмельницької обл. 
від Мельник Ольги Тимофіївни, 1904 р. н. – ІМФЕ, ф. 14-3, од. зб. 973, арк. 187 (текст), арк. 259 
(мел.), № 133. Нотація Мишанича М. В. У повторному виконанні цього твору співачка додала в 
кінці пісні ще такі слова: ""грудка каші"". (Прим. зап.)"
"kmeln_Winter_38_Shchedryk, shchedryk_dur_DEFGAH_ЩК_one_IV.xml",1971,,,,,"Зап. у травні 1971 р. експ. ІМФЕ у складі: Шумада Н. С., Іванов В. Ф., Довженок Г. В. у с. Вруб-
лівці Кам’янець-Подільського р-ну Хмельницької обл. від Голубовської Є. О., 1930 р. н., Марущак 
В. А., 1940 р. н. – ІМФЕ, ф. 14-5, од. зб. 419, арк. 102-103, пл. ф. 14-10, од. зб. 1180 (5). Нотація 
Ю. Василенко."
"kmeln_Winter_39_Shchedryk, shchedryk_dur_FGABC_ЩК_one_IV.xml",1971,,,,,"Зап. 1971 р. Струтинський О. Д. від Осінської Броніслави Мартинівни з c. Сенигів Шепетівського 
р-ну. – ІМФЕ, ф. 14-3, од. зб. 860, арк. 116 зв.-117. Господар чи господиня дякує за колядування 
грішми або цукерками, або пирогами (хто чим має) та пригоща, як кажуть, ""чім Бог послав, та 
сам придбав"". Пригостивши колядників, господарь просить їх заколядувати ще й у хаті. Подяку-
вавши господарям за гостинність, колядники рушають до іншої хати. (Прим. зап.)"
kmeln_Winter_40_Shchedryi shchedriv_dur_FGAB_ЩК_one_IV.xml,2004,,,,,"Зап. 2003-2004 р. Панчук О. В. у с. Корпилівка Шепетівського р-ну Хмельницької обл. від Ільченко 
Ганни Гнатівни, 1926 р. н. – Касета № 4, ст. B, № 3. Нотація та ред. тексту Єфремової Л. О., № 55."
kmeln_Winter_41_Shchedry shchedry_dur_GABCD_ЩК_one_IV.xml,2004,,,,,"Зап. у серпні 2004 р. Панчук О. В. у с. Ключівка Красилівського р-ну Хмельницької обл. від Коно-
нюк Ганни Федорівни, 1923 р. н. – Касета № 5, ст. А, № 7. Розшифр. Єфремовa Л. О., № 86."
"kmeln_Winter_42_Shchadra, shchadra_moll_GABC_ЩК_one_II.xml",1988,,,,,"Зап. 1988 р. Іваннікова Л. В. у с. Губча Старокостянтинівського р-ну Хмельницької обл. від матері 
Іваннікової Тетяни Варсонівни, 1939 р. н. – ІМФЕ, ф. 14-3, од. зб. 1195, арк. 4, пл. 2. Нотація Єф-
ремової Л. О. Ми так щадрували малими. Це щадруха називалась: ""На щадруху було"". (Прим. 
зап.) "
kmeln_Winter_43_Shchedryi vechir_dur-moll_EFG_ЩК_one_II.xml,1927,,,,,"Зап. 1927 р. Харків В. у с. Княгинин Кам’янець-Подільського р-ну Хмельницької обл. ІМФЕ ф. 
6-3, од. зб. 77, арк. 122, № 74 (мел.), текст з с. Ісаківці від школярів – арк. 142 (118)."
kmeln_Winter_44_Shchedryi vechir_dur_BCDEFGAB_ЩК_one_VIII.xml,1960,,,,,"Зап. 1960 р. Нагорний Л. С. у с. Баламутівка Ярмолинецького р-ну Хмельницької обл. вд учасни-
ків колишнього церковного хору: Старцуна Прокопа Оксентовича, Мосьондза Миколи Петровича 
та ін."
"kmeln_Winter_45_Chy doma, doma_moll_ACDEFGA_ЩК_one_IV.xml",1953,,,,,"Зап. 1953 р. Нагорний Л. С. у с. Баламутівка Ярмолинецького р-ну Хмельницької обл. від учасни-
ків колишнього церковного хору: Старцуна Прокопа Окс., Мосьондза Миколи Петровича та ін."
"kmeln_Winter_46_Chy vdoma, vdoma_dur_ABCDEFG_ЩК_one_VIII.xml",1971,,,,,"Зап. 1971 р. Струтинський О. Д. від Осінської Броніслави Мартинівни з c. Сенігів Шепетівського 
р-ну Хмельницької обл. – ІМФЕ, ф. 14-3, од. зб. 860, арк. 113-114."
kmeln_Winter_47_Dobryi vechir_dur_GABC_ЩК_one_IV.xml,2003,,,,,"Зап. 2003 р. Панчук О. В. у с. Гриців Шепетівського р-ну Хмельницької обл. від Кліпацької Ганни 
Оксентівни, 1933 р. н. – Касета № 3, ст. А, № 4. Нотація та ред. тексту Єфремової Л. О. № 38."
kmeln_Winter_48_Dobryi vechir_moll_DEFGAB_ЩК_one_II.xml,2003,,,,,"Зап. 10 липня 2003 р. Панчук О. В. у с. Гриців Шепетівського р-ну Хмельницької обл. від Козир 
Катерини, 1918 р. н. – Касета № 1, ст. В, № 2. Розшифр. Єфремова Л. О. № 19."
kmeln_Winter_50_Pan hospodaru_moll_GABCDE_ЩК_one_III.xml,2004,,,,,"Зап. у серпні 2004 р. Панчук О. В. у с. Грибенинка Старокостянтинівського р-ну Хмельницької 
обл. від Мотузюк Тетяни Никанорівни, 1920 р. н. – Касета № 5, ст. А, № 21. Нотація та ред. тексту 
Єфремової Л. О., № 105. ""Ой дай, Боже!"" – колядка, щедрівка, то ""Щедрий вечір"" кажуть. (Прим. 
вик.)"
kmeln_Winter_51_Oi u poli_dur_GBCDEFGA_ЩК_two_VI.xml,1971,,,,,"Зап. 1971 р. Струтинський О. Д. від Осінської Броніслави Мартинівни з м. Шепетівка Шепетів-
ського р-ну Хмельницької обл. – ІМФЕ, ф. 14-3, од. зб. 860, арк. 128 зв.-129, № 2."
kmeln_Winter_52_Oi za horoiu_dur_FGABC_ЩК_one_IV.xml,1918,,,,,"Зап. 1918 р. Постоловський А. у с. Чорнокозинці Кам’янець-Подільського р-ну Хмельницької обл. 
– ІМФЕ, ф. 6-4, од. зб. 119, арк. 170, № 121."
kmeln_Winter_53_Za horoiu_dur_GABCD_ЩК_one_VI.xml,1926,,,,,"Зап. 1926 р. Гайдай М. П. у с. Адамівка Віньковецького р-ну Хмельницької обл. від Федорука 
Івана. – ІМФЕ, ф. 6-3, од. зб. 69, арк. 33, № 91. "
kmeln_Winter_54_Za horoiu_dur_GABCD_ЩК_one_IV_reprise.xml,1976,,,,,"Зап. 1976 р. експ. ІМФЕ (Омельченко А. Ф., Рубай Г. Т., Довженок Г. В.) у с. Ріпинці Кам’янець-
Подільського р-ну Хмельницької обл. від Посної Г. З., 1914, р. н. – ІМФЕ, ф. 14-5, од. зб. 441 (ІІ), 
арк. 209, пл. ф. 14-10, од. зб. 1396. Розшифр. Єфремова Л. О. "
kmeln_Winter_55_Oi za horoiu_dur_FGABCDE_ЩК_one_IV.xml,1986,,,,,"Зап. 28 липня 1986 р. Дмитренко М. К. у с. Яхнівці 
Волочиського р-ну Хмельницької обл. від 
Дрозд Одарки. Розшифр. Єфремова Л. О. "
kmeln_Winter_56_Oi mistechko_dur_ABCDE_ЩК_one_IV.xml,1986,,,,,"Зап. у липні 1986 р. Дмитренко М. К. у с. Яхнівці Волочиського р-ну Хмельницької обл. від Щес-
няк Ніни Іванівни, 1937 р. н. Нотація Єфремової Л. О. "
kmeln_Winter_57_Shchedryi vechir_dur_BCDEF_ЩК_one_IV.xml,1978,,,,,"Зап. у липні 1978 р. Зеленчук В. І. у с. Сокіл Кам’янець-Подільського р-ну Хмельницької обл. від 
Соломка Дмитра Михайловича, 1913 р. н. – ІМФЕ, ф. 14-3, од. зб. 973, арк. 206 (текст), арк. 262 
(мел.), № 145. Нотація Мишанича М. В. "
kmeln_Winter_58_Oi na richtsi_dur_GCDEFG_ЩК_one_VI_reprise.xml,1989,,,,,"Зап. 19 грудня 1989 р. Нагорний Л. С. у с. Баламутівка Ярмолинецького р-ну Хмельницької обл. 
від Домбик Марії Іванівни. "
kmeln_Winter_59_Oi na richtsi_dur_DGABC_ЩК_one_VI.xml,2004,,,,,"Зап. 2003-2004 р. Панчук О. В. у с. Корпилівка Шепетівського р-ну Хмельницької обл. від Ільченко 
Ганни Гнатівни, 1926 р. н. – Касета № 4, ст. B, № 4. Нотація та ред. тексту Єфремової Л. О., № 56."
kmeln_Winter_60_Oi u poli yavir_dur_EABCD_ЩК_one_III.xml,2004,,,,,"Зап. у липні 2004 р. Панчук О. В. у с. Онишківці Шепетівського р-ну Хмельницької обл. від 
Скринник Євдокії Сидорівни, 1927 р. н. – Касета № 5, ст. А, № 27 (34). Нотація та ред. тексту. 
Єфремової Л. О., № 111."
kmeln_Winter_61_Oi u horodenku_dur_ABCD_ЩК_one_IV.xml,1986,,,,,"Зап. у липні 1986 р. Дмитренко М. К. у с. Яхнівці Волочиського р-ну Хмельницької обл. від 
Дрозд Одарки. Розшифр. Єфремова Л. О."
kmeln_Winter_62_Shandryi vechir_moll_FGBCDEFG_ЩК_two_VI.xml,1978,,,,,"Зап. 23 липня 1978 р. Дем’ян Г. В. у с. Лоївці Новоушицького р-ну Хмельницької обл. від Розової 
Марії Василівни, 1930 р. н., Куцяк Олександри Миколаївни, 1922 р. н., Сухаревої Марії Іллівни, 
1930 р. н. і Гуменюк Марії Улянівни, 1924 р. н. – ІМФЕ, ф. 14-3, од. зб. 973, арк. 150 (текст), арк. 
250 (мел.), № 104. Нотація Мишанича М. В."
kmeln_Winter_63_Poikhav mylyi_moll_GABCDEF_ЩК_one_VII.xml,1976,,,,,"Зап. 1976 р. експ. ІМФЕ (Омельченко А. Ф., Рубай Г. Т., Довженок Г. В.) у с. Ріпинці Кам’янець-
Подільського р-ну Хмельницької обл. від Рек В. О., 1921, р. н. – ІМФЕ, ф. 14-5, од. зб. 441 (ІІ), 
арк. 211, пл. ф. 14-10, од. зб. 1396. Нотація Єфремової Л. О. "
kmeln_Winter_64_Oi khvalylasia_dur_GACDEFG_ЩК_two_III.xml,1927,,,,,"Зап. 1927 р. Харків В. у с. Гаврилівці Кам’янець-Подільського р-ну Хмельницької обл. від Миля-
новича Стефана, Корчинського Василя, Левицького Миколи. – ІМФЕ, ф. 6-3, од. зб. 77, арк. 51 
(текст), арк. 57 (мел.), № 43."
kmeln_Winter_65_Khodyt-pokhodyt_dur_GABCD_КЩ_one_XII.xml,1918,,,,,"Зап. 1918 р. Постоловський А. у с. Чорнокозинці Кам’янець-Подільського р-ну Хмельницької обл. 
від матері та тітки. – ІМФЕ, ф. 6-4, од. зб. 119, арк. 164, № 117."
kmeln_Winter_66_Pane hospodaru_dur_ABDEFGA_КЩ_two_XII.xml,1971,,,,,"Зап. у травні 1971 р. експ. ІМФЕ у складі: Шумада Н. С., Іванов В. Ф., Довженок Г. В. у с. Вруб-
лівці Кам’янець-Подільського р-ну Хмельницької обл. від Мачул І. Г., 1893 р. н., Голубовської Є. 
О., 1930 р. н., Остафійчук Н. В., 1914 р. н., Марущак В. А., 1940 р. н. – ІМФЕ, ф. 14-5, од. зб. 419, 
арк. 94-95, пл. ф. 14-10, од. зб. 1180 (1). Нотація З. Василенко. "
kmeln_Winter_67_Hoi dai Bozhe_moll_GABCDEFG_КЩ_one_III.xml,1978,,,,,"Зап. у липні 1978 р. Зеленчук В. І. у с. Сокіл Кам’янець-Подільського р-ну Хмельницької обл. від 
Соломка Дмитра Михайловича, 1913 р. н. – ІМФЕ, ф. 14-3, од. зб. 973, арк. 202-203 (текст), арк. 
262 (мел.), № 143. Нотація Мишанича М. В. "
kmeln_Winter_68_Dobryi vechir tobi_moll_EFGAB_КЩ_one_VI.xml,1971,,,,,"Зап. 19.V.1971 р. експ. ІМФЕ у складі: Шумада Н. С., Іванов В. Ф., Довженок Г. В., Спінатьєв В. Т. 
у м. Кам’янець-Подільський Хмельницької обл. від Стрілецької Параски Михайлівни, 1902 р. н. 
– ІМФЕ, ф. 14-5, од. зб. 419, арк. 144-146, пл. ф. 14-10, од. зб. 1181 (11). Нотація Іванова В. Ф,"
kmeln_Winter_69_Dobryi vechir tobi_dur_DEFGABC_КЩ_two_VI.xml,2003,,,,,"Зап. 2003 р. Панчук О. В. у с. Волиця Керекешина Старокостянтинівського р-ну Хмельницької 
обл. від Головко Надії Миколаївни, 1929 р. н., Коломієць Євдокії Степанівни, 1922 р. н. та Сидар-
чук Людмили Михайлівни, 1934 р. н. – Касета № 3, ст. А, № 13. Розшифр. Єфремова Л. О., № 47."
kmeln_Winter_70_Dobryi vechir tobi_dur_EABCD_КЩ_one_III.xml,2004,,,,,"Зап. у липні 2004 р. Панчук О. В. у с. Онишківці Шепетівського р-ну Хмельницької обл. від Скри-
нник Євдокії Сидорівни, 1927 р. н. – Касета № 5, ст. А, № 29. Нотація та ред. тексту. Єфремової 
Л. О., № 112. Щось не так я заспівала. (Прим. вик.)"
"kmeln_Winter_71_Oi rano, rano_dur_CDDEFGA_КЩ_one_VI.xml",1953,,,,,"Зап. 1953 р. Нагорний Л. С. у с. Баламутівка Ярмолинецького р-ну Хмельницької обл. від учасни-
ків колишнього церковного хору: Старцуна Прокопа Оксент., Мосьондзів Миколи Петр. та ін.  "
"kmeln_Winter_72_Oi rano, rano_dur_CDEFGABC_КЩ_one_V.xml",1971,,,,,"Зап. 19.V.1971 р. експ. ІМФЕ у складі: Шумада Н. С., Іванов В. Ф., Довженок Г. В.. Спінатьєв В. 
Т. у м. Кам’янець-Подільський Хмельницької обл. від Стрілецької Параски Михайлівни, 1902 р. 
н. – ІМФЕ, ф. 14-5, од. зб. 419, арк. 137-139, пл. ф. 14-10, од. зб. 1181 (8). Нотація Іванова В. Ф,"
"kmeln_Winter_73_Oi v lisku, v lisku_moll_GABCD_КЩ_two_IV.xml",1926,,,,,"Зап. 1926 р. Гайдай М. П. у с. Адамівка біля Зінькова (нині Віньковецького р-ну Хмельницької 
обл.) від Івана Васькіна. – ІМФЕ, ф. 6-3, од. зб. 69, арк. 40 (20 зв.), № 60. Російський вплив. 
(Прим. зап.) Зазначено, що це балада. (Л. Є.)"
kmeln_Winter_74_Pid dibrovoiu_durmoll_EFGABCDE_КЩ_one_VI+VI.xml,1918,,,,,"Зап. 1918 р. Постоловський А. у с. Чорнокозинці Кам’янець-Подільського р-ну Хмельницької обл. 
від матері та тітки. – ІМФЕ, ф. 6-4, од. зб. 119, арк. 162, № 115."
kmeln_Winter_75_A na tomu dvori_moll_BCDEFG_КЩ_one_III.xml,2003,,,,,"Зап. 2003 р. Панчук О. В. у с. Волиця Керекешина Старокостянтинівського р-ну Хмельницької 
обл. від Головко Надії Миколаївни, 1929 р. н., Коломієць Євдокії Степанівни, 1922 р. н. та Сидор-
чук Людмили Михайлівни, 1934 р. н. – Касета № 3, ст. А, № 10. Нотація та ред. тексту Єфремової 
Л. О., № 44. Співала, мабуть, Коломієць Є. С., дуже тяжко, з останніх сил. (Л. Є.)"
"kmeln_Winter_76_Oi u sadu, v sadu_moll_GABCDE_КЩ_one_V.xml",2003,,,,,"Зап. у січні 2003 р. Панчук О. В. у с. Гриців Шепетівського р-ну Хмельницької обл. від Панчук 
Олени Онуфріївни, 1932 р. н., нар. у с. Булаївка (Малий Чернятин) Старокостянтинівського р-ну 
Хмельницької обл. Касета № 1, ст. А, № 5. Нотація та ред. тексту Єфремової Л. О. № 10."
kmeln_Winter_77_Oi na horodi_dur_GABCDE_КЩ_one_XII.xml,1971,,,,,"Зап. 1971 р. Струтинський О. Д. від Осінської Броніслави Мартинівни з м. Шепетівка Шепетів-
ського р-ну Хмельницької обл. – ІМФЕ, ф. 14-3, од. зб. 860, арк. 127 зв.-128, № 2."
"kmeln_Winter_78_Oi v poli, v poli_moll_EFGABC_КЩ_one_III.xml",2003,,,,,"Зап. 2003 р. Панчук О. В. у с. Волиця Керекешина Старокостянтинівського р-ну від Головко Надії 
Миколаївни, 1929 р. н., Коломієць Євдокії Степанівни, 1922 р. н. та Сидарчук Людмили Михай-
лівни, 1934 р. н. – Касета № 3, ст. А, № 14. Нотація та ред. тексту Єфремової Л. О., № 48."
"kmeln_Winter_79v1_Oi v lisku, v lisku_dur_DGABCDE_КЩ_one_VI.xml",2004,,,,,"Зап. 2003-2004 р. Панчук О. В. у с. Корпилівка Шепетівського р-ну Хмельницької обл. від Ільченко 
Ганни Гнатівни, 1926 р. н. – Касета № 4, ст. B, № 2. Нотація та ред. тексту Єфремової Л. О., № 54.
Вар. зап. 1927-1928 рр. Харків В. Й. у с. Ісаківці Жванецького р-ну Кам’янецької окр. (нині Кам’я-
нець-Подільського р-ну Хмельницької обл.). – ІМФЕ, ф.6-3, од.зб. 77, арк. 107 (87), № 19. "
"kmeln_Winter_79_Oi v lisku, v lisku_dur_CFGABCD_КЩ_one_III.xml",2004,,,,,"Зап. 2003-2004 р. Панчук О. В. у с. Корпилівка Шепетівського р-ну Хмельницької обл. від Ільченко 
Ганни Гнатівни, 1926 р. н. – Касета № 4, ст. B, № 2. Нотація та ред. тексту Єфремової Л. О., № 54.
Вар. зап. 1927-1928 рр. Харків В. Й. у с. Ісаківці Жванецького р-ну Кам’янецької окр. (нині Кам’я-
нець-Подільського р-ну Хмельницької обл.). – ІМФЕ, ф.6-3, од.зб. 77, арк. 107 (87), № 19. "
kmeln_Winter_80_Pirviioiu_dur_FGABCD_КЩ_one_VI.xml,2003,,,,,"Зап. 2003 р. Панчук О. В. у с. Волиця Керекешина Старокостянтинівського р-ну Хмельницької 
обл. від Головко Надії Миколаївни, 1929 р. н. та Мотузяк Валентини Іванівни, 1959 р. н. – Касета 
№ 3, ст. А, № 9. Нотація та ред. тексту Єфремової Л. О., № 43."
kmeln_Winter_81_Pishchov nash Oles_dur_ABCDEF_КЩ_one_VI.xml,1986,,,,,"Зап. 26.07 1986 р. Дмитренко М. К. у с. Яхнівці Волочиського р-ну Хмельницької обл. від Сер-
дечної Надії Максимівни, 1933 р. н. Нотація Єфремової Л. О. "
kmeln_Winter_82_Brynila kosa_dur_CFGABCD_КЩ_one_X.xml,1963,,,,,"Зап. 1963 р. експ. ІМФЕ, нач. Ященко Л. І. у c. Осламово Ярмолинецького р-ну (нині с. Осламів 
Віньковецького р-ну) Хмельницької обл. – ІМФЕ, ф. 14-5, од. зб. 380, арк. 139-141, № 64. "
kmeln_Winter_84_Oi ye v Haliusi_moll_BCDEFGA_ЩК_two_VI.xml,1976,,,,,"Зап. 1976 р. експ . ІМФЕ (Омельченко А. Ф. , Рубай Г. Т. , Довженок Г. В .) ус. Ріпинці 
Кам 'янецьПодільського р-ну Хмельницької обл . від Посної Г. З . - ІМФЕ, ф . 14-5, од. зб . 441 (П), 
арк. 207, пл . ф . 14-10, од. зб . 1396. Нотація Єфремової Л. О."
kmeln_Winter_85_Pid yablonkoiu_moll_FGABC_КЩ_one_VI.xml,1976,,,,,"Зап. 1976 р. експ . ІМФЕ (Омельченко А. Ф. , Рубай Г. Т. , Довженок Г. В .) ус. Ріпинці Кам 'янецьПодільського
р-ну Хмельницької обл . від Посної Г. З . - ІМФЕ, ф . 14-5, од. зб . 441 (П), арк. 207,
пл . ф . 14-10, од. зб . 1396. Нотація Єфремової Л. О."
kmeln_Winter_86_Plyla Svitlanka_dur_GABCDE_КЩ_one_VI.xml,1986,,,,,"Зап . у липні 1986 р. Дмитренко М. К. ус. Яхнівці В олочиського р-ну Хмельницької обл . від Посполіти
Марії Петрівни, 1940 р . н . , Щесняк Ніни Іванівни, 1937 р. н. Розшифр. Єфремова Л . О ."
kmeln_Winter_87_Oi na horontsi_moll_GABCDEF_КЩ_one_VI.xml,1986,,,,,"Зап. влітку 1986 р. Дмитренко М. К. у с. Яхнівці Волочиського р-ну Хмельницької обл. від Щес-
няк Ніни Іванівни. Нотація Єфремової Л. О."
kmeln_Winter_88_Dvi zozulenky_moll_DEFGA_КЩ_one_VII.xml,1971,,,,,"Зап. 25.V.1971 р. експ. ІМФЕ у складі: Шумада Н. С., Іванов В. Ф., Довженок Г. В. у м. Кам’янець-
Подільський Хмельницької обл. від Мисловської К. – ІМФЕ, ф. 14-5, од. зб. 419, арк. 329-331, пл. 
ф. 14-10, од. зб. 1184 (16). Нотація Іванова В. Ф. "
kmeln_Winter_89_Oi yasna yasna_dur_FGABCD_КЩ_one_III.xml,2003,,,,,"Зап. у січні 2003 р. Панчук О. В. у с. Гриців Шепетівського р-ну Хмельницької обл. від Панчук 
Олени Онуфріївни, 1932 р. н., нар. у с. Булаївка (Малий Чернятин) Старокостянтинівського р-ну 
Хмельницької обл. Касета № 1, ст. А, № 4. Нотація та ред. тексту Єфремової Л. О. № 9."
kmeln_Winter_90_Oi yasna yasna_dur-moll_FGBCD_КЩ_one_III.xml,2004,,,,,"Зап. у серпні 2004 р. Панчук О. В. у с. Ключівка Красилівського р-ну Хмельницької обл. від Коно-
нюк Ганни Федорівни, 1923 р. н. – Касета № 5, ст. А, № 5. Розшифр. Єфремової Л. О., № 84."
kmeln_Winter_92v1_Oi yasna krasna_dur_EFGABC_КЩ_one_VI.xml,2003,,,,,"Зап. 2003 р. Панчук О. В. у с. Волиця Керекешина Старокостянтинівського р-ну Хмельницької 
обл. від Головко Надії Миколаївни, 1929 р. н. (перший вар.), Коломієць Євдокії Степанівни, 1922 
р. н. та Сидарчук Людмили Михайлівни, 1934 р. н. – Касета № 3, ст. А, № 11. Нотація та ред. 
тексту Єфремової Л. О., № 45. Варіант співали жінки разом. (Л. Є.)"
kmeln_Winter_92_Oi yasna krasna_dur_BCDEFG_КЩ_one_VI.xml,2003,,,,,"Зап. 2003 р. Панчук О. В. у с. Волиця Керекешина Старокостянтинівського р-ну Хмельницької 
обл. від Головко Надії Миколаївни, 1929 р. н. (перший вар.), Коломієць Євдокії Степанівни, 1922 
р. н. та Сидарчук Людмили Михайлівни, 1934 р. н. – Касета № 3, ст. А, № 11. Нотація та ред. 
тексту Єфремової Л. О., № 45. Варіант співали жінки разом. (Л. Є.)"
kmeln_Winter_93_Oi rasna-krasna_dur_FGABCD_КЩ_one_III.xml,2004,,,,,"Зап. 2003-2004 р. Панчук О. В. у с. Корпилівка Шепетівського р-ну Хмельницької обл. від Ільченко 
Ганни Гнатівни, 1926 р. н. – Касета № 4, ст. B, № 1. Нотація та ред. тексту Єфремової Л. О., № 53."
"kmeln_Winter_95_Oi dai, Bozhe_moll_ADEFGA_КЩ_one_III.xml",1928,,,,,"Зап. 1928 р. Харків В. Й. у с. Песець Новоушицького р-ну Хмельницької обл. від Савлюка Федора 
Федоровича, Томашевського Павла Антоновича – ІМФЕ, ф. 6-3, од. зб. 81, арк. 39 (текст), арк. 10 
(мел.)."
"kmeln_Winter_96_U poli, poli_moll_FGABCDE_КЩ_one_III.xml",2003,,,,,"Зап. 2003 р. Панчук О. В. у с. Волиця Керекешина Старокостянтинівського р-ну Хмельницької обл. 
від Головко Надії Миколаївни, 1929 р. н. та Мотузяк Валентини Іванівни, 1959 р. н. – Касета № 3, 
ст. А, № 8. Нотація та ред. тексту Єфремової Л. О., № 42."
kmeln_Winter_97_Bula v batechka_dur_GCDEFG_КЩ_two_III.xml,1971,,,,,"Зап. у травні 1971 р. експ. ІМФЕ у складі: Шумада Н. С., Іванов В. Ф., Довженок Г. В. у с. Вруб-
лівці Кам’янець-Подільського р-ну Хмельницької обл. від Голубовської Є. О., 1930 р. н., Марущак 
В. А., 1940 р. н. – ІМФЕ, ф. 14-5, од. зб. 419, арк. 96-97, пл. ф. 14-10, од. зб. 1180 (2). Нотація З. 
Василенко. "
kmeln_Winter_99_Na dobryi vam vecher_dur_CDEFGA_КЩ_one_VI.xml,1929,,,,,"Зап. [1929 р.] Харків В. Й. у с. Демшин Китайгородського р-ну Кам’янецької окр. (нині Кам’янець-
Подільського р-ну Хмельницької обл.) від Шевчука Степана, 33 р. – ІМФЕ, ф. 6-3, од. зб. 81, арк. 
230 (271) – текст, арк. 231 (272)  – мел., № 95. Чeрнетка."
Vinnytsia_Winter_100_Oi na Rizdvo Khrystovoie_dur_CFGAB_ХЩ_one_VI_reprise.xml,2007,,,,,"Зап. у лютому 2007 р. Кушка Т. Я., Матіяш Д. В. у с. Устя Бершадського р-ну Вінницької обл. від 
гурту. Розшифр. Єфремова Л. О. № 57 (437)."
Vinnytsia_Winter_102_Pane hospodaru_dur_FGABCDE_ХЩ_one_XII.xml,1998,,,,,"Зап. у жовтні 1998 р. Бідюк Л. М. у с. Сиваківці  Липовецького р-ну Вінницької обл. від гурту.  
Касета № 12. Розшифр. Єфремова Л. О., № 21 (340)."
Vinnytsia_Winter_103_U Vefliiemi_dur_GABCDEFGAB_ХЩ_two_VIII_reprise.xml,2007,,,,,"Зап. 2007 р. Матіяш Д., Кушка Т. у с. Переорки Вінницького р-ну Вінницької обл. від Діденко М. 
Ф., Діденко Н. С., Штербави А. А., Кучер К. Г., Новак Н. П., Проніної Г. Розшифр. Єфремова Л. О., 
№ 14 (231)."
Vinnytsia_Winter_104_V Bozhim Rusalymi_dur_ABCDEG_ХЩ_one_VI.xml,2008,,,,,"Зап. 24.05 2008 р. Матіяш Д., Кушка Т. у с. Павлівка Калинівського р-ну Вінницької обл. від Гу-
менчук Юлії. Розшифр. Єфремова Л. О., № 13 (186). "
Vinnytsia_Winter_105_Ziishla zirka chudna_dur_FABCDEFG_ХЩ_two_IV_reprise.xml,2007,,,,,"Зап. у січні 2007 р. Тищенко О., Матіяш Д., Кушка Т., Єпіченко М. у с. Бірків Літинського р-ну 
Вінницької обл. від Парфенюк Л. М., Чухмайтер І. Н., Калінської Н. П., Нечипорук М. М., Свічко-
лан В. М., Свириденюк Г. С., Савіної Т. Й., Андрушко Є. С., Печериці М. С., Войтко М. А., Калін-
ської Г., Нижник О. Розшифр. Єфремова Л. О., № 6 (27)."
Vinnytsia_Winter_106_Yu horodi Nafliiemi_moll_GABCDEFGA_ХЩ_two_VI+VI+VI_acord.xml,2007,,,,,"Зап. у січні 2007 р. Тищенко О., Матіяш Д., Кушка Т., Єпіченко М. у с. Бірків Літинського р-ну 
Вінницької обл. від Парфенюк Л. М., 1965 р. н., Чухмайтер І. Н., 1937 р. н., Калінської Н. П., 
1945 р. н., Нечипорук (Сафрончик) М. М., 1951 р. н., Свічколан В. М., 1965 р. н., Свириденюк Г. 
С., 1937 р. н., Савіної Т. Й., 1938 р. н., Андрушко Є. С., 1939 р. н., Печериці М. С., 1936 р. н., Вой-
тко М. А., 1934 р. н., Калінської Г. та Нижник О., 1983 р. н. Розшифр. Єфремова Л. О., № 1 (22)."
Vinnytsia_Winter_107_I vozmutilasia_dur_BCDEFG_ХЩ_two_XI.xml,2007,,,,,"Зап. у січні 2007 р. Тищенко О., Матіяш Д., Кушка Т., Єпіченко М. у с. Бірків Літинського р-ну 
Вінницької обл. від Парфенюк Л. М., Чухмайтер І. Н., Калінської Н. П., Нечипорук М. М., Свічко-
лан В. М., Свириденюк Г. С., Савіної Т. Й., Андрушко Є. С., Печериці М. С., Войтко М. А., Калін-
ської Г., Нижник О. Розшифр. Єфремова Л. О., № 4 (25)."
Vinnytsia_Winter_108v_V nediliu rano_dur_BCDEFG_ХЩ_two_VIII_reprise.xml,2007,,,,,"Зап. 2007 р. Матіяш Д., Кушка Т. у с. Переорки Вінницького р-ну Вінницької обл. від Діденко М. 
Ф., Діденко Н. С., Штербави А. А., Кучер К. Г., Новак Н. П. (заспівує), Проніної Г. Розшифр. Єфре-
мова Л. О., № 2 (224). Вар. зап. у 10.06 2008 р. Кушка Т. Я., Матіяш Д. В. у с. Іванів Калинівського 
р-ну Вінницької обл. від Кисляк Л. М., Висоцької Г. М., Пашкевич Г. Д., Гончарук Н. П., Дишкант 
М. К., Воронюк Г. М. Розшифр. Єфремова Л. О. № 55 (510). "
Vinnytsia_Winter_108_V nediliu rano_dur_ABCDEFG_ХЩ_two_VI_reprise.xml,2007,,,,,"Зап. 2007 р. Матіяш Д., Кушка Т. у с. Переорки Вінницького р-ну Вінницької обл. від Діденко М. 
Ф., Діденко Н. С., Штербави А. А., Кучер К. Г., Новак Н. П. (заспівує), Проніної Г. Розшифр. Єфре-
мова Л. О., № 2 (224). Вар. зап. у 10.06 2008 р. Кушка Т. Я., Матіяш Д. В. у с. Іванів Калинівського 
р-ну Вінницької обл. від Кисляк Л. М., Висоцької Г. М., Пашкевич Г. Д., Гончарук Н. П., Дишкант 
М. К., Воронюк Г. М. Розшифр. Єфремова Л. О. № 55 (510). "
Vinnytsia_Winter_109_Popid nebesa_dur_FBCDEF_ХК_two_IV.xml,2007,,,,,"Зап. у березні 2007 р. Кушка Т. Я., Матіяш Д. В. у с. Рожична Оратівського р-ну Вінницької обл. 
від жіночого гурту. Розшифр. Єфремова Л. О. № 1 (654)."
Vinnytsia_Winter_110_Oi na lysti_dur_GCDEFG_ХЩ_one_VI.xml,2007,,,,,"Зап. у березні 2007 р. Кушка Т. Я., Матіяш Д. В. у с. Рожична Оратівського р-ну Вінницької обл. 
від жіночого гурту. Розшифр. Єфремова Л. О. № 4 (657)."
"Vinnytsia_Winter_111_Hoi, dai, Boizhe_moll_GABCDEF_ХК_one_III.xml",1928,,,,,"Зап. 10.І 1928 р. Корсовецький О. у с. Клембівка Ямпільського р-ну Вінницької обл. від Сирітки 
Івана Микитовича, 32 р. – ІМФЕ, ф. 6-4, од. зб. 157, арк. 20, № 33. Колядка господині. Колядуєть-
ся літніми людьми на перший день Різдва ввечері. Колядувють жінці."
Vinnytsia_Winter_112_Kolo kirnytsi_dur_FGABCDEF_ХК_two_VI.xml,2007,,,,,"Зап. у січні 2007 р. Тищенко О., Матіяш Д., Кушка Т., Єпіченко М. у с. Бірків Літинського р-ну 
Вінницької обл. від Парфенюк Л. М., Чухмайтер І. Н., Калінської Н. П., Нечипорук М. М., Свічко-
лан В. М., Свириденюк Г. С., Савіної Т. Й., Андрушко Є. С., Печериці М. С., Войтко М. А., Калін-
ської Г. та Нижник О. Розшифр. Єфремова Л. О., № 7 (28)."
Vinnytsia_Winter_113_Ya v rizhechku_moll_EGABC_ТМ_one_IX_reprise+.xml,1928,,,,,"Зап. 10.01 1928 р. Корсовецький І. у с. Клембівка Ямпільського р-ну Вінницької обл. від Сирітки 
І. М. – ІМФЕ, ф. 6-4, од. зб. 157, арк. 24 зв. (49), № 40."
Vinnytsia_Winter_114_Shchedrivochka dobrivochka_moll_FGABCD_ТМ_one_IX_reprise+.xml,1928,,,,,"Зап. 9.0І 1928 р. Корсовецький І. у с. Клембівка Ямпільського р-ну Вінницької обл. від Дудник 
Ласовети. – ІМФЕ, ф. 6-4, од. зб. 157, арк. 23 (46-47), №№ 37-38. Див. №№ 43-45."
Vinnytsia_Winter_115_Petrivochka_moll_GABCD_ТМ_one_IV_reprise.xml,1971,,,,,"Зап. 1971 р. Мельник П. Я. у с. Коси Могилів-Подільського р-ну Вінницької обл. – ІМФЕ, ф. 14-3, 
од. зб. 907/І, арк. 78."
Vinnytsia_Winter_116v_Oi uchora_moll_DEFGAB_ТМ_one_XII.xml,1927,,,,,"Зап. 1927 р. Середович М. у с. Мухівці Немирівського р-ну Вінницької обл. – ІМФЕ, ф. 6-4, од. 
зб. 160, арк. 2, № 4. Вар. зап. Коновал В. у с. Басаличівка Гайсинського пов. на Поділлі (нині Гай-
синського р-ну Вінницької обл. від Павла Івасенка. – ІМФЕ, ф. 6-4, од. зб. 177, арк. 25 (12), № 35 
(904)."
Vinnytsia_Winter_116_Oi uchora_moll_DGABCD_ТМ_one_V_reprise+.xml,1927,,,,,"Зап. 1927 р. Середович М. у с. Мухівці Немирівського р-ну Вінницької обл. – ІМФЕ, ф. 6-4, од. 
зб. 160, арк. 2, № 4. Вар. зап. Коновал В. у с. Басаличівка Гайсинського пов. на Поділлі (нині Гай-
синського р-ну Вінницької обл. від Павла Івасенка. – ІМФЕ, ф. 6-4, од. зб. 177, арк. 25 (12), № 35 
(904)."
Vinnytsia_Winter_117_Oi uchora_moll_BDEFGABC_ТМ_two_IX_reprise+.xml,1964,,,,,"Зап. 1964 р. Ященко Л. І. у с. Слобода-Яришівська Могилів-Подільського р-ну Вінницької обл. від 
Руденко М. А. – ІМФЕ, ф. 14-3, од. зб. 299б, арк. 41-42."
Vinnytsia_Winter_118_Oi uchora_dur_FBCDEFG_ТМ_one_II+III_reprise+.xml,1972,,,,,"Зап. 1972 р. Василенко З. І., Рубай Г. Т., Довженок Г. В. у с. Дмитренки Гайсинського р-ну Вінни-
цької обл. від Колесниченко Ганни Іванівни. – ІМФЕ, ф. 14-5, од. зб. 424, арк. 19-21; фонозапис ф. 
14-10, од. зб. 1246. Розшифр. Виноградов Г. В."
Vinnytsia_Winter_119_Nasha Malanka_moll_ABCDEF_ТМ_two_XII.xml,2007,,,,,"Зап. у березні 2007 р. Кушка Т. Я., Матіяш Д. В. у с. Рожична Оратівського р-ну Вінницької обл. 
від жіночого гурту. Розшифр. Єфремова Л. О. № 8 (661)."
"Vinnytsia_Winter_120_Oi pasla, pasla_moll_EGABCDE_ТМ_one_VI.xml",2007,,,,,"Зап. у лютому 2007 р. Кушка Т. Я., Матіяш Д. В. у с. Забужжя Немирівського р-ну Вінницької обл.
від жіночого гурту. Розшифр. Єфремова Л. О. № 16 (553)."
Vinnytsia_Winter_121_Nasha Malanka_moll_EFGABC_ТМ_one_VI.xml,2007,,,,,"Зап. у лютому 2007 р. Кушка Т. Я., Матіяш Д. В. у с. Устя Бершадського р-ну Вінницької обл. від 
гурту Розшифр. Єфремова Л. О. № 50 (430)."
Vinnytsia_Winter_122_Melanka khodyla_dur_DGABC_ТМ_one_V.xml,2007,,,,,"Зап. у січні 2007 р. Тищенко О., Матіяш Д., Кушка Т., Єпіченко М. у с. Бірків Літинського р-ну 
Вінницької обл. Розшифр. Єфремова Л. О., № 10 (31)."
Vinnytsia_Winter_123_Oi na richtsi_dur_FBCDEF_СЩ_one_VI.xml,2007,,,,,"Зап. у березні 2007 р. Кушка Т. Я., Матіяш Д. В. у с. Рожична Оратівського р-ну Вінницької обл. 
від жіночого гурту. Розшифр. Єфремова Л. О. № 6 (659)."
Vinnytsia_Winter_125_Oi na richtsi_dur_GCDEFG_СЩ_one_VI.xml,2007,,,,,"Зап. у березні 2007 р. Кушка Т. Я., Матіяш Д. В. у с. Рожична Оратівського р-ну Вінницької обл. 
від жіночого гурту. Розшифр. Єфремова Л. О. № 5 (658)."
Vinnytsia_Winter_126_Dobryi vechir_dur_CDEFGAB_СЩ_two_II+II+II.xml,2007,,,,,"Зап. у березні 2007 р. Кушка Т. Я., Матіяш Д. В. у с. Рожична Оратівського р-ну Вінницької обл. 
від жіночого гурту. Розшифр. Єфремова Л. О. № 7 (660)."
"Vinnytsia_Winter_127_Oi vypyite, kumtsiu_dur_EFGAB_Колодійна_one_IV+IV+IV+IV+IV.xml",1926,,,,,"Зап. 1926 р. Гайдай М. П. у м. Браїлов (Москалівка) (нині смт Браїлів Жмеринського р-ну Вінни-
цької обл.) від Параски Перепелихи, 78 р. – ІМФЕ, ф. 6-3, од. зб. 69, арк. 15 (8), № 19. Баби одна 
одну ""припросюють"". (М. Г.)"
Vinnytsia_Winter_128_Shob takyi buv bahatyi_dur_FGABCD_Колодійна_one_II.xml,1926,,,,,"Зап. 1926 р. Гайдай М. П. у м. Браїлов (Москалівка) (нині смт Браїлів Жмеринського р-ну Вінни-
цької обл.) від Параски Перепелиці, 78 р. – ІМФЕ, ф. 6-3, од. зб. 69, арк. 16 (8 зв.), № 20. Колодія 
несуть хрестити (середа). (М. Г.)"
Vinnytsia_Winter_129_Nasha kukharochka_dur_GABCDE_Колодійна_one_III+II+II+II.xml,1926,,,,,"Зап. 1926 р. Гайдай М. П. у м. Браїлов (Москалівка) (нині смт Браїлів Жмеринського р-ну Вінни-
цької обл.) від Параски Перепелиці, 78 р. – ІМФЕ, ф. 6-3, од. зб. 69, арк. 16-17 (8 зв.-9), № 21. В 
середу на обіді. (М. Г.)"
Vinnytsia_Winter_131_Na kolodku ishla_moll_BCDEFG_Колодійна_two_VIII.xml,2007,,,,,"Зап. у березні 2007 р. Кушка Т. Я., Матіяш Д. В. у с. Рожична Оратівського р-ну Вінницької обл. 
від жіночого гурту. Розшифр. Єфремова Л. О. № 19 (670)."
Vinnytsia_Winter_132_Bula ya na kolodtsi_moll_FABCDEF_Колодійна_one_VI.xml,2007,,,,,"Зап. у березні 2007 р. Кушка Т. Я., Матіяш Д. В. у с. Рожична Оратівського р-ну Вінницької обл. 
від жіночого гурту. Розшифр. Єфремова Л. О. № 22 (674)."
"Vinnytsia_Winter_133_Kolodiiu, Kolodiiu_moll_ABCDEFA_Колодійна_two_VIII.xml",2007,,,,,"Зап. у березні 2007 р. Кушка Т. Я., Матіяш Д. В. у с. Рожична Оратівського р-ну Вінницької обл. 
від жіночого гурту. Розшифр. Єфремова Л. О. № 20 (672)."
"Vinnytsia_Winter_134_Oi kolodko, kolodko_dur-moll_ABCDEFGAB_Колодійна_two_VIII+VIII_reprise.xml",2007,,,,,"Зап. у січні 2007 р. Тищенко О., Матіяш Д., Кушка Т., Єпіченко М. у с. Бірків Літинського р-ну 
Вінницької обл. від Парфенюк Л. М., Чухмайтер І. Н., Калінської Н. П., Нечипорук М. М., Свічко-
лан В. М., Свириденюк Г. С., Савіної Т. Й., Андрушко Є. С., Печериці М. С., Войтко М. А., Калін-
ської Г., Нижник О. Розшифр. Єфремова Л. О., № 11 (32)."
"Vinnytsia_Winter_135_Oi kolodka, kolodka_dur-moll_ABCDEFB_Колодійна_VIII_reprise.xml",2007,,,,,"Зап. у березні 2007 р. Кушка Т. Я., Матіяш Д. В. у с. Рожична Оратівського р-ну Вінницької обл. 
від жіночого гурту. Розшифр. Єфремова Л. О. № 19 (671)."
"Vinnytsia_Winter_136_Maslianaia, vorotysia_moll_GBCDEFG_Масляна_two_IX.xml",2007,,,,,"Зап. у березні 2007 р. Кушка Т. Я., Матіяш Д. В. у с. Рожична Оратівського р-ну Вінницької обл. 
від жіночого гурту. Розшифр. Єфремова Л. О. № 21 (673)."
"Vinnytsia_Winter_137v_Hei, hei, vesna krasna_moll_DEFGAD_ВЗ_two_V.xml",1927,,,,,"Зап. 10.IV 1927 р. Середович М. у с. Мізяківські Хутори Вінницького р-ну Вінницької обл. – 
ІМФЕ. ф. 6-4, од. зб. 160, арк. 17 (35), № 19. Вар. зап. 13.III 1928 р. Середович М. у с. Стрижавка 
Вінницького р-ну Вінницької обл. – ІМФЕ. ф. 6-4, од. зб. 160, арк. 21 (43), № 27. Співають малі 
дівчата ще до Великодня. На Великдень дорослі дівчата в хороводі кругом церкви, взявшись за 
руки. "
"Vinnytsia_Winter_137_Hei, hei, vesna krasna_moll_FGABC_ВЗ_one_IV.xml",1927,,,,,"Зап. 10.IV 1927 р. Середович М. у с. Мізяківські Хутори Вінницького р-ну Вінницької обл. – 
ІМФЕ. ф. 6-4, од. зб. 160, арк. 17 (35), № 19. Вар. зап. 13.III 1928 р. Середович М. у с. Стрижавка 
Вінницького р-ну Вінницької обл. – ІМФЕ. ф. 6-4, од. зб. 160, арк. 21 (43), № 27. Співають малі 
дівчата ще до Великодня. На Великдень дорослі дівчата в хороводі кругом церкви, взявшись за 
руки. "
"Vinnytsia_Winter_20_Koliad, koliad, koliadnytsia_moll_CDEFG_КЩ_one_II_reprise.xml",1998,,,,,"Зап. 1998 р. Бідюк Л. М. у с. Сиваківці  Липовецького р-ну 
Вінницької обл. від гурту. Розшифр. Єфремова Л. О., № 4 
(270). "
"Vinnytsia_Winter_21_Koliad, koliad, koliadnytsia_moll_FGABC_КЩ_one_II+IV+IV_reprise.xml",2007,,,,,"Зап. у лютому 2007 р. Кушка Т. Я. у с. Забужжя Немирівсько-
го р-ну Вінницької обл. від Бусько Валентини Лук’янівни, 
1926 р. н. . Розшифр. Єфремова Л. О. № 48 (585). Співали, 
як були дівчатка."
Vinnytsia_Winter_22_Bihla telychka_dur_GBCD_ЩК_one_VI+I.xml,1928,,,,,"Зап. 1928 р. Середович М. у с. Медвідка Вінниць-
кого р-ну Вінницької обл. – ІМФЕ. ф. 6-4, од. зб. 
160, арк. 7, № 11."
"Vinnytsia_Winter_23_Shchedryk, bedryk_dur_GBC_ЩК_one_II_reprise.xml",1928,,,,,"Зап. 13.І 1928 р. Середович М. у с. Медвідка Вінницького р-ну Вінницької обл. – ІМФЕ. ф. 6-4, од. 
зб. 160, арк. 7, № 11."
Vinnytsia_Winter_24_Shchadrik-vedrik_moll_DEF_ЩК_one_II+II.xml,2007,,,,,"Зап. у січні 2007 р. Тищенко О., Матіяш Д., Кушка Т., Єпіченко М. у с. Бірків Літинського р-ну 
Вінницької обл. від жіночого гурту. Розшифр. Єфремова Л. О., № 9 (30)."
Vinnytsia_Winter_25_A Sus Khrystos narodyvsia_dur-moll_GABCD_ЩК_one_II_reprise.xml,1998,,,,,"Зап. 1998 р. Бідюк Л. М. у с. Сиваківці  Липовецького р-ну Вінницької обл. від гурту. Розшифр. 
Єфремова Л. О., № 5 (271). "
Vinnytsia_Winter_26_Na dvori bila khmara vietsia_moll_GABCDEF_КЩ_one_VIII.xml,2011,,,,,"Зап. 24 листопада 2011 р. Гарбулінська Т. Є. у с. Думенки Хмільницького р-ну Вінницької обл. від 
Ющинської Марії Павлівни, 1937 р. н., Сторожук Анни Романівни, 1933 р. н. З фондів Вінницько-
го ОЦНТ. Розшифр. Єфремова Л. О., № 12 (56)."
Vinnytsia_Winter_27_Pane hospodariu_dur_GABCDE_ЩК_one_III_reprise.xml,2007,,,,,"Зап. у лютому 2007 р. Кушка Т. Я., Матіяш Д. В. у с. Забужжя Немирівського р-ну Вінницької обл.
від жіночого гурту. Розшифр. Єфремова Л. О. № 20 (557)."
Vinnytsia_Winter_28_Pryletila_dur_GABC_ЩК_one_IV.xml,1922,,,,,"Зап. 1922 р. Кудрицька А. М. у с. Овечаче Бердичівського пов. на Київщині (нині с. Дружне Кали-
нівського р-ну Вінницької обл.) від хору щедрівників. – ІМФЕ, ф. 6-4, од. зб. 110, арк. 89, № 103 
(текст), арк. 159,  № 103 (мел.)."
Vinnytsia_Winter_29_Pryletila_dur_FGAB_ЩК_one_VI.xml,1927,,,,,"Зап. 12.І 1927 р. Середович М. у с. Сосонка Вінницького р-ну Вінницької 
обл. – ІМФЕ, ф. 6-4, од. зб. 160, арк. 1, № 1."
Vinnytsia_Winter_30_Pryletila_dur_EABCDE_ЩК_one_VIII.xml,1925,,,,,"Зап. 8.І 1925 р. Середович М. у с. Гулівці Калинівського р-ну Вінницької обл. – ІМФЕ, ф. 6-4, од. 
зб. 160, арк. 3, № 2."
Vinnytsia_Winter_31_Pryletily_dur_BCDE_ЩК_one_V.xml,1928,,,,,"Зап. 1928 р. Середович М. у с. Глинське Немирівського р-ну Вінницької обл. – ІМФЕ, ф. 6-4, од. 
зб. 160, арк. 3, № 8."
Vinnytsia_Winter_32_Shchedryk-shchedryk_dur-moll_FAB_ЩК_one_II_reprise.xml,2007,,,,,"Зап. у лютому 2007 р. Кушка Т. Я., Матіяш Д. В. у с. Забужжя Немирівського 
р-ну Вінницької обл. від жіночого гурту. Розшифр. Єфремова Л. О. № 21 (558)."
"Vinnytsia_Winter_33_Shchedry, shchedry_dur_GCDEFG_ЩК_two_IV.xml",2007,,,,,"Зап. у січні 2007 р. Тищенко О., Матіяш Д., Кушка Т., Єпіченко М. у с. Бірків Літинського р-ну 
Вінницької обл. від жіночого гурту. Розшифр. Єфремова Л. О., № 8 (29)."
Vinnytsia_Winter_34_Shchedryi vechir_dur_FGABC_ЩК_one_II.xml,2007,,,,,"Зап. у лютому 2007 р. Кушка Т. Я., Матіяш Д. В. у с. Забужжя Немирівського р-ну Вінницької обл.
від жіночого гурту. Розшифр. Єфремова Л. О. № 19 (556)."
Vinnytsia_Winter_35_Shchedryi vechir_dur_CFGABC_ЩК_one_IV+I.xml,1927,,,,,"Зап. 1927 р. Середович М. у с. Мізяків Калинівського р-ну Вінницької обл. – ІМФЕ, ф. 6-4, од. зб. 
160, арк. 1 зв., № 3."
Vinnytsia_Winter_36_Shchedryi vechir_moll_BEFGAB_ЩК_one_IV+I.xml,1928,,,,,"Зап. 1928 р. Середович М. у с. Глинське Немирівського р-ну Вінницької обл. – ІМФЕ, ф. 6-4, од. 
зб. 160, арк. 2 зв.-3 (6-7), №№ 6-7, № 9 – с. Медвідка.."
Vinnytsia_Winter_37_Dobryi vechir_dur_FGABCD_ЩК_one_VI.xml,1928,,,,,"Зап. 10.01 1928 р. Корсовецький О. у с. Клембівка Ямпільського р-ну Вінницької обл. від Сирітки 
Івана Микитовича. – ІМФЕ, ф. 6-4, од. зб. 157, арк. 24, № 39. Щедрують вечером проти Нового ро-
ку великі хлопці господареві."
Vinnytsia_Winter_38_Dobryi vechir_moll_CDEFG_ЩК_one_II_reprise.xml,1998,,,,,"Зап. 1998 р. Бідюк Л. М. у с. Сиваківці  Липовецького р-ну Вінницької обл. від гурту. Розшифр. 
Єфремова Л. О., № 6, 26 (272). "
"Vinnytsia_Winter_39_Oi chy ye, chy nema_dur_FGABC_ЩК_one_VIII.xml",2007,,,,,"Зап. у лютому 2007 р. Кушка Т. Я. у с. Забужжя Немирівського р-ну Вінницької обл. від старої 
жінки. Розшифр. Єфремова Л. О. № 47 (584). Співали, як були дівчатка."
Vinnytsia_Winter_40_Oi za horamy_dur_DGABC_ЩК_one_II_reprise.xml,1927,,,,,"Зап.1927 р. Корсовецький І. у с. Клембівка Ямпільського р-ну Вінницької обл. від хлопчиків. – 
ІМФЕ, ф. 6-4, од. зб. 157, арк. 21а зв.-22 (43-45), № 36а. Дитяча. Щедрують перед Новим роком 
удень маленькі хлопчики. Підійшовши під вікно, щедрівнички питають господаря: – Кому щи-
друвати? Коли господар скаже чоловіче ім’я, то щедрують ""Ой за горами, за долинами"", а коли – 
жіноче, то ""Котилася снігова грутка""."
Vinnytsia_Winter_41_Oi dzvin zvonyt_moll_ABCDEF_ЩК_one_XI.xml,2007,,,,,"Зап у лютому 2007 р. Кушка Т. Я., Матіяш Д. В. у с. Устя Бершадського р-ну Вінницької обл. від
гурту. Розшифр. Єфремова Л. О. № 18 (398). "
Vinnytsia_Winter_42v_Oi na hori_dur_BCDEF_ЩК_two_IV.xml,1998,,,,,"Зап. у жовтні 1998 р. Бідюк Л. М. у с. Сиваківці  Липовецького р-ну Вінницької обл. від гурту.  
Касета № 12. Розшифр. Єфремова Л. О., № 25 (344). Вар. зап. там само. № 8 (274). "
Vinnytsia_Winter_42_Oi na hori_dur_BCDEF_ЩК_two_IV.xml,1998,,,,,"Зап. у жовтні 1998 р. Бідюк Л. М. у с. Сиваківці  Липовецького р-ну Вінницької обл. від гурту.  
Касета № 12. Розшифр. Єфремова Л. О., № 25 (344). Вар. зап. там само. № 8 (274). "
Vinnytsia_Winter_43_Oi na ritstsi_moll_GABCDEFG_ЩК_two_VI.xml,2010,,,,,"Зап. 16 грудня 2010 р. Гарбулінська Т. Є. у с. Тернівка Крижопільського р-ну Вінницької обл. від 
гурту. Розшифр. Єфремова Л. О., № 13 (23)."
Vinnytsia_Winter_44v_Oi na ritstsi_dur_GABCDEF_ЩК_one_IV+II.xml,1927,,,,,"Зап. 20.08 1927 р. Корсовецький О. у с. Клембівка Ямпільського р-ну Вінницької обл. від Скакуна 
Г. А. – ІМФЕ, ф. 6-4, од. зб. 157, арк. 20-21, № 35. Цю щедрівку співають ""на Маланку"" увечері 
перед Новим роком. Після щедрівки, коли хлопці скажуть ""Добрий вечір!"", виходить із хати дів-
чина та дає щедрівникам пару калачів або просить їх до хати, садовить до столу й частує їх. Вар. 
зап. 10.06 2008 р. Кушка Т. Я., Матіяш Д. В. у с. Іванів Калинівського р-ну Вінницької обл. від 
Кисляк Л. М., Висоцької Г. М., Пашкевич Г. Д., Гончарук Н. П., Дишкант М. К., Воронюк Г. М.
Розшифр. Єфремова Л. О. № 51 (506).* Далі щедрують, щоби ""братчик"" приїхав, а опісля – ""при-
їдь, сестричко ріднесенька"", але вони, так як і батьки не приїзжають. "
Vinnytsia_Winter_44_Oi na ritstsi_moll_FGABC_ЩК_one_XI.xml,1927,,,,,"Зап. 20.08 1927 р. Корсовецький О. у с. Клембівка Ямпільського р-ну Вінницької обл. від Скакуна 
Г. А. – ІМФЕ, ф. 6-4, од. зб. 157, арк. 20-21, № 35. Цю щедрівку співають ""на Маланку"" увечері 
перед Новим роком. Після щедрівки, коли хлопці скажуть ""Добрий вечір!"", виходить із хати дів-
чина та дає щедрівникам пару калачів або просить їх до хати, садовить до столу й частує їх. Вар. 
зап. 10.06 2008 р. Кушка Т. Я., Матіяш Д. В. у с. Іванів Калинівського р-ну Вінницької обл. від 
Кисляк Л. М., Висоцької Г. М., Пашкевич Г. Д., Гончарук Н. П., Дишкант М. К., Воронюк Г. М.
Розшифр. Єфремова Л. О. № 51 (506).* Далі щедрують, щоби ""братчик"" приїхав, а опісля – ""при-
їдь, сестричко ріднесенька"", але вони, так як і батьки не приїзжають. "
Vinnytsia_Winter_45v_Oi na richtsi_dur_FGAB_ЩК_one_IV.xml,1972,,,,,"Зап. 1972 р. Василенко З. І., Рубай Г. Т., Довженок Г. В. у с. Дмитренки Гайсинського р-ну Він-
ницької обл. від Колесниченко Ганни Іванівни. – ІМФЕ, ф. 14-5, од. зб. 424, арк. 22-24, № 8; фоно-
запис ф. 14-10, од. зб. 1246. Розшифр. Виноградов Г. В. Вар. зап. 1998 р. Бідюк Л. М. у с. Сиваків-
ці  Липовецького р-ну Вінницької обл. від гурту. Розшифр. Єфремова Л. О., № 7 (273). Див. №№
114-115."
Vinnytsia_Winter_45_Oi na richtsi_dur_CDEF_ЩК_one_IV.xml,1972,,,,,"Зап. 1972 р. Василенко З. І., Рубай Г. Т., Довженок Г. В. у с. Дмитренки Гайсинського р-ну Він-
ницької обл. від Колесниченко Ганни Іванівни. – ІМФЕ, ф. 14-5, од. зб. 424, арк. 22-24, № 8; фоно-
запис ф. 14-10, од. зб. 1246. Розшифр. Виноградов Г. В. Вар. зап. 1998 р. Бідюк Л. М. у с. Сиваків-
ці  Липовецького р-ну Вінницької обл. від гурту. Розшифр. Єфремова Л. О., № 7 (273). Див. №№
114-115."
Vinnytsia_Winter_46v_Panna Nastunia_moll_FGABC_ЩК_one_IV+I_reprise.xml,2007,,,,,"Зап у лютому 2007 р. Кушка Т. Я., Матіяш Д. В. у с. Устя Бершадського р-ну Вінницької обл. від
гурту. Розшифр. Єфремова Л. О. № 19 (399). Вар. зап. там само. № 53 (433)"
Vinnytsia_Winter_46_Panna Nastunia_moll_DEFGA_ЩК_one_VIII+IV.xml,2007,,,,,"Зап у лютому 2007 р. Кушка Т. Я., Матіяш Д. В. у с. Устя Бершадського р-ну Вінницької обл. від
гурту. Розшифр. Єфремова Л. О. № 19 (399). Вар. зап. там само. № 53 (433)"
Vinnytsia_Winter_47_Shchedryi vechir_moll_BDEFGABC_ЩК_two_IX_reprise+.xml,1964,,,,,"Зап. 1964 р. Ященко Л. І. у с. Слобода-Яришівська Могилів-Подільського р-ну Вінницької обл. від 
Руденко М. А. – ІМФЕ, ф. 14-3, од. зб. 299б, арк. 38-39."
"Vinnytsia_Winter_48_Dobryi vechir, hospodariu_dur_CDEFGAB_ЩК_two_IX.xml",2007,,,,,"Зап. 2007 р. Матіяш Д., Кушка Т. у с. Переорки Вінницького р-ну Вінницької обл. від Діденко Ма-
рії Федорівни, Діденко Ніни Степанівни, Штербави Анастасії Андріївни, Кучер Катерини Григо-
рівни, Новак Наталі Павлівни (заспівує), Проніної Галини. Розшифр. Єфремова Л. О., № 7 (228)."
Vinnytsia_Winter_49_Oi dobryi vechir_moll_DEFGAB_КЩ_one_VI.xml,1922,,,,,"Зап. 1922 р. Кудрицька А. М. у с. Овечаче Бердичівського пов. на Київщині (нині с. Дружне Кали-
нівського р-ну Вінницької обл.) від Дарки Нагірної. – ІМФЕ, ф. 6-4, од. зб. 110, арк. 83 (текст), 
арк. 157 (мел.)."
Vinnytsia_Winter_50_Pany hospodariu_dur_DEFGABCD_КЩ_one_XII.xml,1927,,,,,"Зап. у вересні 1927 р. Корсовецький О. у с. Клембівка Ямпільського р-ну Вінницької обл. від Ска-
куна Г. та Кравчика В. – ІМФЕ, ф. 6-4, од. зб. 157, арк. 15, № 24. Колядують на перший день Різдва 
увечері. Господарі (жонаті люди) колядують у господаря, він просить до хати, гостить їх, а вони 
його, а потім господар йде разом із ними колядувати до других."
Vinnytsia_Winter_51_Oi dobryi vechir_dur_FBCDEFGA_КЩ_one_VI_reprise.xml,2007,,,,,"Зап. 2007 р. Матіяш Д., Кушка Т. у с. Переорки Вінницького р-ну Вінницької обл. від Діденко Ма-
рії Федорівни, Діденко Ніни Степанівни, Штербави Анастасії Андріївни, Кучер Катерини Григо-
рівни, Новак Наталі Павлівни (заспівує), Проніної Галини. Розшифр. Єфремова Л. О., № 11 (230)."
Vinnytsia_Winter_52v_Pany hospodariu_moll_FGABCDEF_КЩ_one_III.xml,1927,,,,,"Зап. 1927 р. Корсовецький О. у с. Клембівка Ямпільського р-ну Вінницької обл. від Головатого 
Федора, 55 р. – ІМФЕ, ф. 6-4, од. зб. 157, арк. 20, № 34. Колядка господареві. Вар. зап. 21.01 1928 
р. Корсовецький І. у с. Гажбіївка Могилів-Подільського (нині с. Гальжбіївка Ямпільського) р-ну 
Вінницької обл. від Яшана Григора Дем. – ІМФЕ, ф. 6-4, од. зб. 157, арк. 27, № 46."
Vinnytsia_Winter_52_Pany hospodariu_moll_DEGABCD_КЩ_one_VI.xml,1927,,,,,"Зап. 1927 р. Корсовецький О. у с. Клембівка Ямпільського р-ну Вінницької обл. від Головатого 
Федора, 55 р. – ІМФЕ, ф. 6-4, од. зб. 157, арк. 20, № 34. Колядка господареві. Вар. зап. 21.01 1928 
р. Корсовецький І. у с. Гажбіївка Могилів-Подільського (нині с. Гальжбіївка Ямпільського) р-ну 
Вінницької обл. від Яшана Григора Дем. – ІМФЕ, ф. 6-4, од. зб. 157, арк. 27, № 46."
Vinnytsia_Winter_53v_Pany hospodariu_dur_DEGABCD_КЩ_one_IV.xml,1928,,,,,"Зап. 04.01 1928 р. Корсовецький О. у с. Клембівка Ямпільського р-ну Вінницької обл. від Ісакова 
Луки, 55 р. – ІМФЕ, ф. 6-4, од. зб. 157, арк. 18 (34-35), № 29. Цю колядку колядують літні люди 
господареві хати, він виходить, гостить (частує) їх або просить до хати, або іде разом із ними ко-
лядувати. Вар. зап. 17.01 1928 р. Корсовецький І. у с. В. Кісниці Могилів-Подільського р-ну (нині 
с. Велика Кісниця Ямпільського р-ну) Вінницької обл. від Левицького Трофима, 51 р. – ІМФЕ, ф. 
6-4, од. зб. 157, арк. 28, № 47."
Vinnytsia_Winter_53_Pany hospodariu_dur_ABCDEFGAB_КЩ_one_III.xml,1928,,,,,"Зап. 04.01 1928 р. Корсовецький О. у с. Клембівка Ямпільського р-ну Вінницької обл. від Ісакова 
Луки, 55 р. – ІМФЕ, ф. 6-4, од. зб. 157, арк. 18 (34-35), № 29. Цю колядку колядують літні люди 
господареві хати, він виходить, гостить (частує) їх або просить до хати, або іде разом із ними ко-
лядувати. Вар. зап. 17.01 1928 р. Корсовецький І. у с. В. Кісниці Могилів-Подільського р-ну (нині 
с. Велика Кісниця Ямпільського р-ну) Вінницької обл. від Левицького Трофима, 51 р. – ІМФЕ, ф. 
6-4, од. зб. 157, арк. 28, № 47."
Vinnytsia_Winter_54_Pane hospodariu_dur_ABCDEFGA_КЩ_one_V.xml,1972,,,,,"Зап. 1972 р. Василенко З. І., Рубай Г. Т., Довженок Г. В. у с. Дмитренки Гайсинського р-ну Вінни-
цької обл. від Колесниченко Г. І. – ІМФЕ, ф. 14-5, од. зб. 424, арк. 25-27; фонозапис ф. 14-10, од. 
зб. 1246. Розшифр. Виноградов Г. В."
Vinnytsia_Winter_55_Pane hospodar_dur_EFGA_КЩ_one_V.xml,2007,,,,,"Зап. у лютому 2007 р. Кушка Т. Я., Матіяш Д. В. у с. Устя Бершадського р-ну Вінницької обл. від 
однієї співачки. Розшифр. Єфремова Л. О. № 56 (436). Виконавиця дещо переплутала послідо-
вність строф. Залишаємо поданий нею варіант. "
Vinnytsia_Winter_56v_Dobryi vechir tobi_dur_BCDEFGCDEFG_КЩ_two_VI.xml,2007,,,,,"Зап. 2007 р. Матіяш Д., Кушка Т. у с. Переорки Вінницького р-ну Вінницької обл. від Діденко М. 
Ф., Діденко Н. С., Штербави А. А., Кучер К. Г., Новак Н. П., Проніної Г. Розшифр. Єфремова Л. 
О., № 17 (234). Вар. зап. 1998 р. Бідюк Л. М. у с. Сиваківці  Липовецького р-ну Вінницької обл. 
від гурту. Розшифр. Єфремова Л. О., № 2 (269). "
Vinnytsia_Winter_56_Dobryi vechir tobi_moll_GBCDEFGA_КЩ_two_VI.xml,2007,,,,,"Зап. 2007 р. Матіяш Д., Кушка Т. у с. Переорки Вінницького р-ну Вінницької обл. від Діденко М. 
Ф., Діденко Н. С., Штербави А. А., Кучер К. Г., Новак Н. П., Проніної Г. Розшифр. Єфремова Л. 
О., № 17 (234). Вар. зап. 1998 р. Бідюк Л. М. у с. Сиваківці  Липовецького р-ну Вінницької обл. 
від гурту. Розшифр. Єфремова Л. О., № 2 (269). "
Vinnytsia_Winter_57_Pany hospodariu_dur_ABCDEFGAB_КЩ_one_III.xml,1928,,,,,"Зап. 04.01 1928 р. Корсовецький О. у с. Клембівка Ямпільського р-ну Вінницької обл. від Дудник 
Ласовети. – ІМФЕ, ф. 6-4, од. зб. 157, арк. 19, № 30."
"Vinnytsia_Winter_58_Hoi, dai, Boizhe_dur_DGABCDE_КЩ_one_III.xml",1928,,,,,"Зап. 10.І 1928 р. Корсовецький О. там само від Сирітки Івана Микитовича. – 
ІМФЕ, ф. 6-4, од. зб. 157, арк. 20 (38), № 32. Дитяча колядка."
Vinnytsia_Winter_59_Oi v chystim poli_dur_GABCDE_КЩ_two_XII_reprise+.xml,1928,,,,,"Зап. 13.01 1928 р. Корсовецький І. у с. Велика Кісниця Могилів-Подільської окр. (нині Ямпіль-
ського р-ну Вінницької обл.) від щедрівників (підлітки та парубки). – ІМФЕ, ф. 6-4, од. зб. 157, 
арк. 26, № 43."
Vinnytsia_Winter_60_Pid dubynoiu_dur_BCDEFGAB_КЩ_two_VI.xml,2007,,,,,"Зап. у січні 2007 р. Тищенко О., Матіяш Д., Кушка Т., Єпіченко М. у с. Бірків Літинського р-ну 
Вінницької обл. від Парфенюк Любові Михайлівни, 1965 р. н., Чухмайтер Ірини Нікіфорівни, 
1937 р. н., Калінської Наталі Петрівни, 1945 р. н., Нечипорук (Сафрончик) Марії Михайлівни, 
1951 р. н., Свічколан Валентини Миколаївни, 1965 р. н., Свириденюк Ганни Семенівни, 1937 р. н., 
Савіної Тетяни Йосипівни, 1938 р. н., Андрушко Євгенії Степанівни, 1939 р. н., Печериці Марії 
Степанівни, 1936 р. н., Войтко Марії Абрамівни, 1934 р. н., Калінської Галини, 1983 р. н., Нижник 
Олени, 1983 р. н. Розшифр. Єфремова Л. О., № 5 (26)."
Vinnytsia_Winter_61_Batko u viisko_dur_BCDEFG_КЩ_one_III.xml,1972,,,,,"Зап. 1972 р. Василенко З. І., Рубай Г. Т., Довженок Г. В. у с. Дмитренки Гайсинського р-ну Вінни-
цької обл. від Колесниченко Г. І. – ІМФЕ, ф. 14-5, од. зб. 424, арк. 31-33; фонозапис ф. 14-10, од. 
зб. 1246. Розшифр. Виноградов Г. В."
"Vinnytsia_Winter_62_Hoi, dai, Boizhe_dur_FGABCD_КЩ_one_III.xml",1928,,,,,"Зап. 1.І 1928 р. Корсовецький О. у с. Клембівка Ямпільського р-ну Вінни-
цької обл. від Шинкаря Тодора. – ІМФЕ, ф. 6-4, од. зб. 157, арк. 19, № 31."
"Vinnytsia_Winter_63_Oi hordyi, pyshnyi_dur-moll_CDEFGABCD_КЩ_one_IV.xml",1972,,,,,"Зап. 1972 р. експ. ІМФЕ у с. Кармалюкове Жмеринського р-ну Вінницької обл. від Слюсар Марії 
Кирилівни. – ІМФЕ, ф. 14-5, од. зб. 424/ІІІ, арк. 58, 66; фонозапис ф. 14-10, од. зб. 1251(5). Роз-
шифр. Виноградов Г. В."
"Vinnytsia_Winter_64_Oi v lisku, v lisku_dur_ABCDEF_КЩ_one_III.xml",1998,,,,,"Зап. 1998 р. Бідюк Л. М. у с. Сиваківці  Липовецького р-ну Вінницької обл. від гурту. Розшифр. 
Єфремова Л. О., № 1 (268). "
Vinnytsia_Winter_65_Oi kolo vorit_dur_FGABCDEF_КЩ_one_VI.xml,2007,,,,,"Зап. у січні 2007 р. Тищенко О., Матіяш Д., Кушка Т., Єпіченко М. у с. Бірків Літинського р-ну 
Вінницької обл. від Парфенюк Любові Михайлівни, 1965 р. н., Чухмайтер Ірини Нікіфорівни, 
1937 р. н., Калінської Наталі Петрівни, 1945 р. н., Нечипорук (Сафрончик) Марії Михайлівни, 
1951 р. н., Свічколан Валентини Миколаївни, 1965 р. н., Свириденюк Ганни Семенівни, 1937 р. н., 
Савіної Тетяни Йосипівни, 1938 р. н., Андрушко Євгенії Степанівни, 1939 р. н., Печериці Марії 
Степанівни, 1936 р. н., Войтко Марії Абрамівни, 1934 р. н., Калінської Галини, 1983 р. н., Нижник 
Олени, 1983 р. н. Розшифр. Єфремова Л. О., № 2 (23)."
Vinnytsia_Winter_66_Oi pid verboiu_dur_CDEFG_КЩ_one_III.xml,2006,,,,,"Зап. 2006 р. Деревенько Л. у с. Бабин Іллінецького р-ну Вінницької обл. від Деревенько Ніни Ми-
колаївни, 1938 р. н. Нотна транскрипція Мартинюк О."
Vinnytsia_Winter_67_Oi za horoiu_dur_EABCDEFG_КЩ_three_VI.xml,1972,,,,,"Зап. 1972 р. експ. ІМФЕ у с. Кармалюкове Жмеринського р-ну Вінницької обл. від Татюк Явдохи 
Никифорівни, Тютюн Катерини Дмитрівни, Литвин Оляни Филімонівни, Бондарчук Катерини 
Семенівни, Кузинської Параски Олексіївни. – ІМФЕ, ф. 14-5, од. зб. 424/ІІІ, арк. 18; фонозапис ф. 
14-10, од. зб. 1249 (9). Розшифр. Виноградов Георгій Васильович."
"Vinnytsia_Winter_68_Hoi, dai, Boizhe_dur_GABCDE_КЩ_one_III.xml",1927,,,,,"Зап. 1927 р. Корсовецький О. у с. Клембівка Ямпільського р-ну Вінницької обл. від Скакуна Гри-
горія. – ІМФЕ, ф. 6-4, од. зб. 157, арк. 17 (32-33), №№ 27-28. Колядують діти (хлопчики і дівчата, 
разом і окремо) господареві чи хлопцеві на перший день Різдва днем. № 28 – дівці чи жінці."
"Vinnytsia_Winter_69_Hoi, dai, Boizhe_dur-moll_GABCDE_КЩ_one_III.xml",1928,,,,,"Зап. 10.01 1928 р. Корсовецький О. у с. Клембівка Ямпільського р-ну Вінницької обл. від Дудник 
Л. – ІМФЕ, ф. 6-4, од. зб. 157, арк. 15 (29-30), №№ 25-26. Колядують чоловіки або жінки, чи навіть 
і разом у купі, господині вечором на І день Різдва. Їх просять, як бажають, до хати й гостять, а по-
тім ще й в хаті колядують."
Vinnytsia_Winter_70_V nashoho datka_moll_DEFGABC_КЩ_one_VI.xml,1928,,,,,"Зап. 24.VII 1928 р. Середович М. у с. Стрижавка Вінницського 
р-ну Вінницької обл. – ІМФЕ, ф. 6-4, од. зб. 160, арк. 2, № 5."
"Vinnytsia_Winter_71_Oi rasna, krasna_dur_BCDEFGA_КЩ_two_III.xml",1928,,,,,"Зап. 1928 р. Середович М. у с. Супрунів Літинського р-ну Вінницької обл. – ІМФЕ, ф. 6-4, од. зб. 
160, арк. 5 зв., № 15. Колядують хлопці і діти на 1-1 та 2-й день Різдва."
"Vinnytsia_Winter_72v_Oi krasna, krasna_moll_DEFGABCD_КЩ_one_V.xml",1972,,,,,"Зап. 1972 р. Василенко З. І., Рубай Г. Т., Довженок Г. В. у с. Дмитренки Гайсинського р-ну Вінни-
цької обл. від Колесниченко Ганни Іванівни. – ІМФЕ, ф. 14-5, од. зб. 424, арк. 27-30; фонозапис ф. 
14-10, од. зб. 1246. Розшифр. Виноградов Г. В."
"Vinnytsia_Winter_72_Oi krasna, krasna_dur_BCDEFG_КЩ_one_III.xml",1972,,,,,"Зап. 1972 р. Василенко З. І., Рубай Г. Т., Довженок Г. В. у с. Дмитренки Гайсинського р-ну Вінни-
цької обл. від Колесниченко Ганни Іванівни. – ІМФЕ, ф. 14-5, од. зб. 424, арк. 27-30; фонозапис ф. 
14-10, од. зб. 1246. Розшифр. Виноградов Г. В."
"Vinnytsia_Winter_73v_Oi riasna, riasna_dur_EFGABCDE_КЩ_one_VI.xml",2006,,,,,"Зап. 2006 р. Тодоровська Н. у смт Дашів Іллінецького р-ну Вінницької обл. від Баранець Євге-
нії Миколаївни, 1945 р. н. Нотна транскрипція Мартинюк О. Вар. зап. 10.06 2008 р. Кушка Т. Я., 
Матіяш Д. В. у с. Іванів Калинівського р-ну Вінницької обл. від Кисляк Любові Миколаївни, Ви-
соцької Ганни Миколаївни, Пашкевич Ганни Дмитрівни, Гончарук Ніни Прокопівни, Дишкант 
Марії Карпівни, Воронюк Ганни Миколаївни. Розшифр. Єфремова Л. О. № 52 (507)."
"Vinnytsia_Winter_73_Oi riasna, riasna_dur_DEFGAB_КЩ_one_III.xml",2006,,,,,"Зап. 2006 р. Тодоровська Н. у смт Дашів Іллінецького р-ну Вінницької обл. від Баранець Євге-
нії Миколаївни, 1945 р. н. Нотна транскрипція Мартинюк О. Вар. зап. 10.06 2008 р. Кушка Т. Я., 
Матіяш Д. В. у с. Іванів Калинівського р-ну Вінницької обл. від Кисляк Любові Миколаївни, Ви-
соцької Ганни Миколаївни, Пашкевич Ганни Дмитрівни, Гончарук Ніни Прокопівни, Дишкант 
Марії Карпівни, Воронюк Ганни Миколаївни. Розшифр. Єфремова Л. О. № 52 (507)."
"Vinnytsia_Winter_74_Oi v horakh, v horakh_dur-moll_ABCDEF_КЩ_one_III.xml",1998,,,,,"Зап. у жовтні 1998 р. Бідюк Л. М. у с. Сиваківці  Липовецького р-ну Вінницької обл. від гурту.  
Касета № 12. Розшифр. Єфремова Л. О., № 20 (329)."
Vinnytsia_Winter_75_Zazhurylysia_dur_GABC_КЩ_one_XII.xml,1928,,,,,"Зап. 21.01 1928 р. Корсовецький І. у с. Гажбіївка Могилів-Подільської окр. (нині с. Гальжбіївка 
Ямпільського р-ну) Вінницької обл. від Яшана Г. Д. – ІМФЕ, ф. 6-4, од. зб. 157, арк. 27, № 45. Ко-
лядують першого дня на Різдво парубки."
Vinnytsia_Winter_76_Zazhurylysia_moll_ABCDEFGAB_КЩ_one_III.xml,1964,,,,,"Зап. 1964 р. Ященко Л. І. у с. Слобода-Яришівська Могилів-Подільського р-ну Вінницької обл. від 
Руденко М. А. – ІМФЕ, ф. 14-3, од. зб. 299б, арк. 28-29."
"Vinnytsia_Winter_77_Hoi, dai, Bozhe_dur_GABCDE_КЩ_one_III.xml",1928,,,,,"Зап. 16.01 1928 р. Корсовецький І. у с. Велика Кісниця Могилів-Подільської окр. (нині Ямпіль-
ського р-ну Вінницької обл.) від Крижанюка Феодосія, 58 р. – ІМФЕ, ф. 6-4, од. зб. 157, арк. 25, 
№ 42. Щедрують парубки вечером перед Новим роком."
Vinnytsia_Winter_78_Roste sosonka_dur_ABCDEF_КЩ_two_VI_reprise.xml,2007,,,,,"Зап. у лютому 2007 р. Кушка Т. Я., Матіяш Д. В. у с. Забужжя Немирівського р-ну Вінницької обл.
від жіночого гурту. Розшифр. Єфремова Л. О. № 22 (559). Мама навчила."
Vinnytsia_Winter_79_Volyky pasla_moll_EFGABC_КЩ_one_IX.xml,1928,,,,,"Зап. 21.06 1928 р. Корсовецький І. у с. Гажбіївка Могилів-Подільського (нині с. Гальжбіївка Ям-
пільського)р-ну Вінницької обл. від Яшана Г. Д. – ІМФЕ, ф. 6-4, од. зб. 157, арк. 26, № 44. Щедру-
ють парубки вечером перед Новим роком."
Vinnytsia_Winter_80_Nasha Nadunia_moll_BCDEFGAB_КЩ_one_VIII.xml,1963,,,,,"Зап. 1963 р. експ. ІМФЕ, нач. Ященко Л. І. у c. Іванівці Барського р-ну Вінницької обл. від гурту 
доярок. – ІМФЕ, ф. 14-5, од. зб. 380, арк. 101-103, № 47; пл. ф. 14-10, од. зб. 985-987. "
"Vinnytsia_Winter_81v_Po horakh, horakh_dur_EFGABCE_КЩ_one_III.xml",2007,,,,,"Зап. у січні 2007 р. Тищенко О., Матіяш Д., Кушка Т., Єпіченко М. у с. Бірків Літинського р-ну 
Вінницької обл. від Парфенюк Л. М., 1965 р. н., Чухмайтер І. Н., 1937 р. н., Калінської Н. П., 1945 
р. н., Нечипорук (Сафрончик) М. М., 1951 р. н., Свічколан В. М., 1965 р. н., Свириденюк Г. С., 
1937 р. н., Савіної Т. Й., 1938 р. н., Андрушко Є. С., 1939 р. н., Печериці М. С., 1936 р. н., Войтко 
М. А., 1934 р. н., Калінської Г., 1983 р. н., Нижник О., 1983 р. н. Розшифр. Єфремова Л. О., № 3 
(124). Вар. зап. у лютому 2007 р. Кушка Т. Я., Матіяш Д. В. у с. Устя Бершадського р-ну Вінниць-
кої обл. від гурту. Розшифр. Єфремова Л. О. № 55 (435)."
"Vinnytsia_Winter_81_Po horakh, horakh_dur_FGABCDEF_КЩ_two_VI.xml",2007,,,,,"Зап. у січні 2007 р. Тищенко О., Матіяш Д., Кушка Т., Єпіченко М. у с. Бірків Літинського р-ну 
Вінницької обл. від Парфенюк Л. М., 1965 р. н., Чухмайтер І. Н., 1937 р. н., Калінської Н. П., 1945 
р. н., Нечипорук (Сафрончик) М. М., 1951 р. н., Свічколан В. М., 1965 р. н., Свириденюк Г. С., 
1937 р. н., Савіної Т. Й., 1938 р. н., Андрушко Є. С., 1939 р. н., Печериці М. С., 1936 р. н., Войтко 
М. А., 1934 р. н., Калінської Г., 1983 р. н., Нижник О., 1983 р. н. Розшифр. Єфремова Л. О., № 3 
(124). Вар. зап. у лютому 2007 р. Кушка Т. Я., Матіяш Д. В. у с. Устя Бершадського р-ну Вінниць-
кої обл. від гурту. Розшифр. Єфремова Л. О. № 55 (435)."
"Vinnytsia_Winter_82_Chy vdoma, vdoma_dur_ABCDEF_КЩ_one_III.xml",1998,,,,,"Зап. у жовтні 1998 р. Бідюк Л. М. у с. Сиваківці  Липовецького р-ну Вінницької обл. від гурту.  
Касета № 12. Розшифр. Єфремова Л. О., № 22 (341)."
Vinnytsia_Winter_84_Buly v diadka bdzholy_dur_FGABCDEFG_ХЩ_two_XI.xml,2007,,,,,"Зап. у березні 2007 р. Кушка Т. Я., Матіяш Д. В. у с. Рожична Оратівського р-ну Вінницької обл. 
від жіночого гурту. Розшифр. Єфремова Л. О. № 3 (656)."
Vinnytsia_Winter_85_Buly v diadka bdzholy_dur_CDEF_ХЩ_one_IV.xml,1922,,,,,"Зап. 1922 р. Кудрицька А. М. у с. Овечаче Бердичівського пов. на Київщині (нині с. Дружне Кали-
нівського р-ну Вінницької обл.) від хору колядників. – ІМФЕ, ф. 6-4, од. зб. 110, арк. 83 (текст), 
арк. 157 (мел.)."
Vinnytsia_Winter_86_Oi uchora izvechora_dur_DEFGABCD_ХЩ_one_VI.xml,1922,,,,,"Зап. 1922 р. Кудрицька А. М. у с. Овечаче Бердичівського пов. на Київщині (нині с. Дружне Кали-
нівського р-ну Вінницької обл.) від хору колядників. – ІМФЕ, ф. 6-4, од. зб. 110, арк. 84,
 № 97 (текст), арк. 157,  № 97 (мел.)."
Vinnytsia_Winter_87_U nediliu rano_dur_FBCDEFG_ХЩ_two_VI.xml,2007,,,,,"Зап. 2007 р. Матіяш Д., Кушка Т. у с. Переорки Вінницького р-ну Вінницької обл. від Діденко М.
Ф., Діденко Н. С., Штербави А. А., Кучер К. Г., Новак Н. П., Проніної Г. Розшифр. Єфремова Л. 
О., № 5 (226)."
Vinnytsia_Winter_88_Dyvnaia novyna_dur_ABDEFGAB_ХЩ_two_VIII_reprise.xml,2007,,,,,"Зап. 2007 р. Матіяш Д., Кушка Т. у с. Переорки Вінницького р-ну Вінницької обл. від Діденко М.
Ф., Діденко Н. С., Штербави А. А., Кучер К. Г., Новак Н. П., Проніної Г. "
"Vinnytsia_Winter_89_Dobryi vechir, Diva_dur_EABCDEF_ХЩ_two_VI_repise.xml",2007,,,,,"Зап. у лютому 2007 р. Кушка Т. Я., Матіяш Д. В. у с. Устя Бершадського р-ну Вінницької обл. від 
гурту. Розшифр. Єфремова Л. О. № 54 (434)."
Vinnytsia_Winter_90v1_Oi vysoko_dur_BCDEFG_ХЩ_two_VIII_acord.xml,2007,,,,,"Зап. 2007 р. Матіяш Д., Кушка Т. у с. Переорки Вінницького р-ну Вінницької обл. від Діденко М. 
Ф., Діденко Н. С. (заспівує), Штербави А. А., Кучер К. Г., Новак Н. П., Проніної Г. Розшифр. 
Єфремова Л. О., № 1 (223). Вар. зап. у жовтні 1998 р. Бідюк Л. М. у с. Сиваківці  Липовецького 
р-ну Вінницької обл. від гурту. Касета № 12. Розшифр. Єфремова Л. О., № 23 (342). Вар. 1 зап. 22 
грудня 2012 р. Гарбулінська Т. Є. у с. Токарівка Жмеринського р-ну Вінницької обл. від гурту 
""Берегиня"". З фондів Вінницького ОЦНТ. Розшифр. Єфремова Л. О., № 1 (5)."
Vinnytsia_Winter_90v2_Oi vysoko_dur_ABCDEF_ХЩ_two_VIII_reprise+.xml,2007,,,,,"Зап. 2007 р. Матіяш Д., Кушка Т. у с. Переорки Вінницького р-ну Вінницької обл. від Діденко М. 
Ф., Діденко Н. С. (заспівує), Штербави А. А., Кучер К. Г., Новак Н. П., Проніної Г. Розшифр. 
Єфремова Л. О., № 1 (223). Вар. зап. у жовтні 1998 р. Бідюк Л. М. у с. Сиваківці  Липовецького 
р-ну Вінницької обл. від гурту. Касета № 12. Розшифр. Єфремова Л. О., № 23 (342). Вар. 1 зап. 22 
грудня 2012 р. Гарбулінська Т. Є. у с. Токарівка Жмеринського р-ну Вінницької обл. від гурту 
""Берегиня"". З фондів Вінницького ОЦНТ. Розшифр. Єфремова Л. О., № 1 (5)."
Vinnytsia_Winter_90_Oi vysoko_dur_BCDEFG_ХЩ_two_VI_reprise.xml,2007,,,,,"Зап. 2007 р. Матіяш Д., Кушка Т. у с. Переорки Вінницького р-ну Вінницької обл. від Діденко М. 
Ф., Діденко Н. С. (заспівує), Штербави А. А., Кучер К. Г., Новак Н. П., Проніної Г. Розшифр. 
Єфремова Л. О., № 1 (223). Вар. зап. у жовтні 1998 р. Бідюк Л. М. у с. Сиваківці  Липовецького 
р-ну Вінницької обл. від гурту. Касета № 12. Розшифр. Єфремова Л. О., № 23 (342). Вар. 1 зап. 22 
грудня 2012 р. Гарбулінська Т. Є. у с. Токарівка Жмеринського р-ну Вінницької обл. від гурту 
""Берегиня"". З фондів Вінницького ОЦНТ. Розшифр. Єфремова Л. О., № 1 (5)."
Vinnytsia_Winter_91_Po vsemu svitu_dur_GABCDEFGA_ХК_two_VII_reprise.xml,2007,,,,,"Зап. 2007 р. Матіяш Д., Кушка Т. у с. Переорки Вінницького р-ну Вінницької обл. від Діденко М. 
Ф., Діденко Н. С., Штербави А. А., Кучер К. Г., Новак Н. П., Проніної Г. Розшифр. Єфремова Л. 
О., № 6 (227)."
Vinnytsia_Winter_92_Nebo i zemlia_dur_ABCDEFGAB_ХЩ_two_VII_reprise.xml,2007,,,,,"Зап. 2007 р. Матіяш Д., Кушка Т. у с. Переорки Вінницького р-ну Вінницької обл. від Діденко М. 
Ф., Діденко Н. С., Штербави А. А., Кучер К. Г., Новак Н. П., Проніної Г. Розшифр. Єфремова Л. 
О., № 8 (229)."
Vinnytsia_Winter_93v1_A z pershoho_dur_FABCDEFG_ХЩ_two_VI.xml,2007,,,,,"Зап. 2007 р. Матіяш Д., Кушка Т. у с. Переорки Вінницького р-ну Вінницької обл. від Діденко М. 
Ф., Діденко Н. С., Штербави А. А., Кучер К. Г., Новак Н. П., Проніної Г. Розшифр. Єфремова Л. 
О., № 15 (232). Вар. зап. 24.05 2008 р. Матіяш Д., Кушка Т. у с. Павлівка Калинівського р-ну Він-
ницької обл. від анс. ""Журавка""у складі: Гуменчук Катерини Андріївни, 1954 р. н. (кер., заспівує), 
Вдовиченко Надії Андріївни, 1956 р. н., Гунько Валентини Михайлівни, 1953 р. н., Демчук Вале-
нтини Микитівни, 1938 р. н., Недопитанської Ніни Андріївни, 1958 р. н., Любчик Ганни Іванівни, 
1942 р. н., Павлуник Ніни Степанівни, 1942 р. н., Ковальчук Ірини Василівни, Криворучко Любов 
Яківни, 1946 р. н., Біловус Ніни Іванівни, 1936 р. н., Гуменчук Юлії Данилівни, 1958 р. н. Роз-
шифр. Єфремова Л. О., № 12 (185). Співали у супроводі баяна."
Vinnytsia_Winter_93_A z pershoho_dur_ACDEFGAB_ХЩ_two_VI_reprise.xml,2007,,,,,"Зап. 2007 р. Матіяш Д., Кушка Т. у с. Переорки Вінницького р-ну Вінницької обл. від Діденко М. 
Ф., Діденко Н. С., Штербави А. А., Кучер К. Г., Новак Н. П., Проніної Г. Розшифр. Єфремова Л. 
О., № 15 (232). Вар. зап. 24.05 2008 р. Матіяш Д., Кушка Т. у с. Павлівка Калинівського р-ну Він-
ницької обл. від анс. ""Журавка""у складі: Гуменчук Катерини Андріївни, 1954 р. н. (кер., заспівує), 
Вдовиченко Надії Андріївни, 1956 р. н., Гунько Валентини Михайлівни, 1953 р. н., Демчук Вале-
нтини Микитівни, 1938 р. н., Недопитанської Ніни Андріївни, 1958 р. н., Любчик Ганни Іванівни, 
1942 р. н., Павлуник Ніни Степанівни, 1942 р. н., Ковальчук Ірини Василівни, Криворучко Любов 
Яківни, 1946 р. н., Біловус Ніни Іванівни, 1936 р. н., Гуменчук Юлії Данилівни, 1958 р. н. Роз-
шифр. Єфремова Л. О., № 12 (185). Співали у супроводі баяна."
Vinnytsia_Winter_94v1_Oi dyvnoho_dur_ABCDEFG_ХЩ_thee_XVIII_reprise+acord.xml,2008,,,,,"Зап. у 10.06 2008 р. Кушка Т. Я., Матіяш Д. В. у с. Іванів Калинівського р-ну Вінницької обл. від 
Кисляк Л. М., Висоцької Г. М., Пашкевич Г. Д., Гончарук Н. П., Дишкант М. К., Воронюк Г. М.
Розшифр. Єфремова Л. О. № 53 (508). Вар. зап. у жовтні 1998 р. Бідюк Л. М. у с. Сиваківці  Липо-
вецького р-ну Вінницької обл. від гурту. Касета № 12. Розшифр. Єфремова Л. О., № 24 (343)."
Vinnytsia_Winter_94_Oi dyvnoho_dur_BCDEFG_ХЩ_two_XI.xml,2008,,,,,"Зап. у 10.06 2008 р. Кушка Т. Я., Матіяш Д. В. у с. Іванів Калинівського р-ну Вінницької обл. від 
Кисляк Л. М., Висоцької Г. М., Пашкевич Г. Д., Гончарук Н. П., Дишкант М. К., Воронюк Г. М.
Розшифр. Єфремова Л. О. № 53 (508). Вар. зап. у жовтні 1998 р. Бідюк Л. М. у с. Сиваківці  Липо-
вецького р-ну Вінницької обл. від гурту. Касета № 12. Розшифр. Єфремова Л. О., № 24 (343)."
Vinnytsia_Winter_96_Rozhdestvo Khrystove_dur_FBCDEFG_ХЩ_two_XV_reprise.xml,2008,,,,,"Зап. у 10.06 2008 р. Кушка Т. Я., Матіяш Д. В. у с. Іванів Калинівського р-ну Вінницької обл. від 
Кисляк Л. М., Висоцької Г. М., Пашкевич Г. Д., Гончарук Н. П., Дишкант М. К., Воронюк Г. М.
Розшифр. Єфремова Л. О. № 54 (509)."
Vinnytsia_Winter_97_Nova radist stala_moll_FABCDEFGA_ХЩ_two_VIII_reprise acord.xml,2007,,,,,"Зап. 2007 р. Матіяш Д., Кушка Т. у с. Переорки Вінницького р-ну Вінницької обл. від Діденко М. 
Ф., Діденко Н. С., Штербави А. А., Кучер К. Г., Новак Н. П., Проніної Г. Розшифр. Єфремова Л. О., 
№ 4 (225)."
Vinnytsia_Winter_98_Nyni sia ziavyla_dur_FGABCDEFG_ХЩ_V_reprise+.xml,2007,,,,,"Зап. у березні 2007 р. Кушка Т. Я., Матіяш Д. В. у с. Рожична Оратівського р-ну Вінницької обл. 
від жіночого гурту. Розшифр. Єфремова Л. О. № 2 (655)."
Vinnytsia_Winter_99_Ya umom khadyla_dur_EGABC_ХЩ_one_VI_reprise.xml,2007,,,,,"Зап. у лютому 2007 р. Кушка Т. Я. у с. Забужжя Немирівського р-ну Вінницької обл. від старої 
жінки. Розшифр. Єфремова Л. О. № 46 (583)."
